Date,Age,Tenure_Months,Region,Device,Got_Promotion,Sales_Amount
2023-01-01,45,23,South,Mobile,0,89.88
2023-01-01,64,33,North,Mobile,1,126.59
2023-01-01,32,9,East,Desktop,1,81.8
2023-01-01,23,8,North,Mobile,0,59.13
2023-01-01,61,36,South,Desktop,1,119.12
2023-01-01,37,30,South,Desktop,1,106.07
2023-01-01,67,32,North,Desktop,1,128.55
2023-01-01,31,10,West,Mobile,1,59.06
2023-01-01,19,9,North,Desktop,1,79.76
2023-01-02,26,19,North,Mobile,0,71.44
2023-01-02,54,12,North,Mobile,1,101.07
2023-01-02,37,1,East,Mobile,0,78.91
2023-01-02,43,15,South,Mobile,1,87.38
2023-01-02,46,10,South,Desktop,0,89.44
2023-01-02,18,3,North,Mobile,0,64.95
2023-01-03,52,24,North,Desktop,1,118.73
2023-01-03,23,6,South,Mobile,0,63.53
2023-01-03,54,41,West,Mobile,1,99.16
2023-01-03,22,14,West,Tablet,0,61.6
2023-01-04,50,28,North,Desktop,1,112.42
2023-01-04,66,39,South,Mobile,1,110.62
2023-01-04,68,22,West,Mobile,1,114.6
2023-01-04,31,25,South,Mobile,0,69.35
2023-01-04,29,13,West,Mobile,0,80.21
2023-01-04,59,36,North,Desktop,1,111.48
2023-01-04,37,7,West,Desktop,0,75.27
2023-01-04,67,17,East,Mobile,1,105.16
2023-01-05,41,28,West,Tablet,0,61.05
2023-01-05,60,33,East,Mobile,1,88.93
2023-01-05,51,16,South,Mobile,1,98.46
2023-01-05,42,12,West,Mobile,0,75.8
2023-01-05,67,44,South,Desktop,1,101.87
2023-01-05,46,11,South,Mobile,0,78.55
2023-01-05,56,44,East,Mobile,1,97.16
2023-01-05,48,14,East,Mobile,0,69.13
2023-01-06,64,38,West,Mobile,1,112.78
2023-01-06,60,26,North,Desktop,1,130.49
2023-01-06,67,39,East,Mobile,1,104.93
2023-01-06,40,14,East,Mobile,1,78.89
2023-01-07,61,28,North,Desktop,0,84.18
2023-01-07,55,27,South,Tablet,1,109.36
2023-01-07,37,8,South,Tablet,0,73.05
2023-01-07,40,27,South,Mobile,1,76.94
2023-01-07,62,25,West,Mobile,1,102.57
2023-01-07,69,32,East,Mobile,1,101.05
2023-01-07,33,6,East,Mobile,0,67.79
2023-01-08,67,7,West,Tablet,1,102.35
2023-01-08,59,27,South,Mobile,1,91.45
2023-01-08,25,36,West,Mobile,0,72.61
2023-01-08,67,41,South,Mobile,1,114.39
2023-01-08,38,18,West,Mobile,1,81.19
2023-01-08,18,6,North,Desktop,0,78.74
2023-01-09,25,12,West,Mobile,1,94.27
2023-01-09,46,28,North,Mobile,0,79.52
2023-01-09,49,12,South,Mobile,1,74.23
2023-01-09,55,38,East,Mobile,1,78.15
2023-01-09,22,18,South,Mobile,0,59.03
2023-01-09,64,39,East,Desktop,1,104.32
2023-01-09,39,23,South,Mobile,1,92.78
2023-01-09,64,32,East,Desktop,1,108.15
2023-01-10,51,32,North,Tablet,0,75.84
2023-01-10,18,14,North,Tablet,0,45.98
2023-01-10,43,17,South,Tablet,1,92.11
2023-01-10,60,24,South,Mobile,1,94.47
2023-01-10,27,14,North,Mobile,0,66.98
2023-01-11,47,38,South,Mobile,1,77.89
2023-01-11,67,21,South,Desktop,1,117.16
2023-01-11,35,2,North,Tablet,1,107.98
2023-01-11,34,18,South,Desktop,0,84.27
2023-01-11,43,22,West,Mobile,0,63.45
2023-01-12,25,14,North,Tablet,0,67.19
2023-01-12,64,34,South,Mobile,1,93.11
2023-01-12,57,26,East,Mobile,1,115.77
2023-01-12,66,47,South,Mobile,1,109.63
2023-01-12,29,1,East,Mobile,1,65.46
2023-01-12,44,13,South,Mobile,1,89.64
2023-01-12,25,11,South,Mobile,0,76.43
2023-01-12,42,4,North,Mobile,1,78.72
2023-01-12,63,29,East,Desktop,1,112.88
2023-01-12,21,27,East,Desktop,0,68.57
2023-01-13,50,25,North,Desktop,1,108.97
2023-01-13,18,11,South,Mobile,0,50.29
2023-01-13,36,5,West,Desktop,1,68.18
2023-01-13,48,17,South,Tablet,0,70.04
2023-01-13,33,12,South,Mobile,1,91.3
2023-01-13,31,12,West,Mobile,0,65.24
2023-01-14,65,45,East,Mobile,1,128.21
2023-01-14,22,16,South,Mobile,1,88.9
2023-01-14,58,17,East,Desktop,1,106.6
2023-01-14,43,23,West,Desktop,1,95.59
2023-01-14,45,27,South,Mobile,1,98.8
2023-01-14,19,20,South,Desktop,0,74.1
2023-01-14,67,49,South,Desktop,1,115.69
2023-01-14,23,1,West,Tablet,0,69.38
2023-01-14,26,4,East,Mobile,0,54.29
2023-01-14,50,12,North,Tablet,1,89.26
2023-01-15,58,26,West,Mobile,1,86.29
2023-01-15,42,25,South,Mobile,1,112.8
2023-01-15,65,42,North,Mobile,1,108.65
2023-01-15,30,14,South,Mobile,0,67.41
2023-01-15,26,9,South,Desktop,1,75.84
2023-01-15,30,16,West,Mobile,0,72.56
2023-01-15,48,15,North,Mobile,1,91.2
2023-01-15,58,49,West,Mobile,1,103.27
2023-01-16,28,1,South,Desktop,1,71.86
2023-01-16,21,12,North,Mobile,0,72.25
2023-01-16,51,45,West,Desktop,1,104.85
2023-01-17,55,27,South,Mobile,1,81.72
2023-01-17,63,29,South,Mobile,1,105.47
2023-01-17,21,6,South,Mobile,0,48.01
2023-01-17,55,25,West,Mobile,1,100.43
2023-01-17,36,31,South,Mobile,0,77.56
2023-01-17,23,1,North,Mobile,0,57.53
2023-01-17,51,40,North,Tablet,1,97.01
2023-01-18,35,3,South,Desktop,1,83.69
2023-01-18,30,12,East,Mobile,0,72.97
2023-01-18,58,24,South,Mobile,1,93.27
2023-01-19,40,25,North,Desktop,1,109.25
2023-01-19,36,2,North,Mobile,0,90.85
2023-01-19,62,35,South,Mobile,1,95.29
2023-01-20,28,34,West,Desktop,0,58.53
2023-01-20,18,1,South,Desktop,0,76.03
2023-01-20,41,22,West,Mobile,1,114.86
2023-01-20,24,5,South,Mobile,1,75.12
2023-01-20,42,25,North,Mobile,0,78.58
2023-01-20,38,19,West,Desktop,1,95.26
2023-01-21,32,9,South,Mobile,1,71.79
2023-01-21,18,13,East,Mobile,0,62.6
2023-01-21,29,32,West,Mobile,0,53.53
2023-01-21,24,10,North,Mobile,0,63.48
2023-01-22,32,23,North,Tablet,0,60.33
2023-01-22,38,6,East,Desktop,1,95.42
2023-01-22,36,8,South,Desktop,1,88.9
2023-01-22,46,27,North,Mobile,1,109.42
2023-01-22,42,35,North,Mobile,1,92.39
2023-01-22,50,28,North,Mobile,1,91.25
2023-01-23,66,29,East,Mobile,0,96.31
2023-01-23,49,24,North,Tablet,0,78.46
2023-01-23,66,20,South,Mobile,1,95.55
2023-01-23,52,32,East,Mobile,0,102.82
2023-01-23,61,39,South,Mobile,0,80.6
2023-01-24,55,22,North,Desktop,1,113.67
2023-01-24,43,16,East,Mobile,1,98.27
2023-01-25,28,16,North,Mobile,0,85.38
2023-01-25,52,21,East,Mobile,0,82.19
2023-01-25,25,11,West,Desktop,0,76.44
2023-01-25,63,52,South,Mobile,1,101.61
2023-01-25,31,13,South,Tablet,0,72.68
2023-01-25,27,9,South,Desktop,0,70.08
2023-01-25,19,3,South,Mobile,0,65.91
2023-01-25,63,38,West,Desktop,1,113.65
2023-01-25,26,11,West,Mobile,0,81.96
2023-01-26,20,3,South,Tablet,0,59.51
2023-01-26,38,32,East,Mobile,0,68.42
2023-01-26,43,35,West,Mobile,0,73.33
2023-01-26,25,6,West,Mobile,0,59.82
2023-01-26,65,13,South,Mobile,1,93.92
2023-01-27,19,19,South,Tablet,0,73.05
2023-01-27,23,4,South,Mobile,0,39.9
2023-01-27,45,30,West,Desktop,1,101.05
2023-01-27,46,3,North,Mobile,0,89.88
2023-01-27,43,30,South,Tablet,0,75.17
2023-01-28,42,8,South,Mobile,1,77.34
2023-01-28,29,21,South,Mobile,1,75.98
2023-01-28,22,11,South,Mobile,0,62.03
2023-01-28,51,15,West,Desktop,1,102.67
2023-01-28,65,28,North,Mobile,1,116.22
2023-01-28,54,33,South,Mobile,0,67.3
2023-01-29,32,17,North,Mobile,1,88.94
2023-01-29,61,36,North,Desktop,1,115.53
2023-01-29,53,46,South,Mobile,1,109.09
2023-01-29,32,1,South,Mobile,1,98.5
2023-01-29,60,46,South,Mobile,1,102.18
2023-01-29,65,33,South,Desktop,1,127.98
2023-01-29,40,11,North,Tablet,0,79.76
2023-01-29,23,1,South,Mobile,0,77.45
2023-01-30,63,29,West,Mobile,1,105.63
2023-01-31,67,42,West,Mobile,1,99.01
2023-01-31,61,29,South,Mobile,1,108.13
2023-02-01,60,45,South,Mobile,0,85.55
2023-02-01,62,16,West,Desktop,1,120.9
2023-02-02,38,18,North,Mobile,0,77.28
2023-02-02,40,7,West,Tablet,1,71.62
2023-02-02,60,33,West,Mobile,1,116.79
2023-02-02,33,25,North,Desktop,1,98.48
2023-02-03,64,27,North,Mobile,1,118.35
2023-02-03,32,1,West,Mobile,0,68.67
2023-02-03,42,22,South,Mobile,0,93.04
2023-02-03,53,30,North,Mobile,1,104.04
2023-02-03,28,18,South,Mobile,1,75.57
2023-02-03,68,46,South,Desktop,1,136.57
2023-02-04,32,5,East,Tablet,1,81.58
2023-02-04,21,17,East,Mobile,0,79.42
2023-02-04,38,30,West,Mobile,0,87.81
2023-02-04,30,1,South,Mobile,1,75.68
2023-02-04,39,22,South,Mobile,0,53.65
2023-02-04,36,12,South,Mobile,0,63.64
2023-02-04,51,24,South,Desktop,1,107.52
2023-02-05,31,18,North,Tablet,1,102.4
2023-02-05,21,5,West,Tablet,0,83.28
2023-02-05,65,25,West,Mobile,1,99.61
2023-02-05,69,34,South,Desktop,1,122.89
2023-02-05,63,20,East,Desktop,1,112.26
2023-02-05,44,11,North,Mobile,0,92.1
2023-02-06,46,29,South,Mobile,1,104.34
2023-02-06,64,20,East,Desktop,1,95.35
2023-02-06,45,29,South,Mobile,1,97.17
2023-02-06,52,30,West,Mobile,1,84.38
2023-02-06,25,1,East,Mobile,0,58.34
2023-02-06,33,9,South,Mobile,1,89.42
2023-02-07,59,41,East,Mobile,1,105.47
2023-02-07,53,16,North,Tablet,1,110.79
2023-02-07,47,18,South,Desktop,0,91.55
2023-02-07,35,22,South,Desktop,0,68.27
2023-02-07,19,17,South,Mobile,0,37.02
2023-02-07,66,30,East,Desktop,1,111.6
2023-02-08,30,9,South,Mobile,0,69.37
2023-02-08,21,24,East,Mobile,0,55.91
2023-02-08,43,38,South,Mobile,0,61.22
2023-02-08,42,30,South,Mobile,1,80.92
2023-02-08,47,24,West,Mobile,0,69.7
2023-02-08,28,5,North,Mobile,0,83.2
2023-02-08,24,3,North,Mobile,0,72.26
2023-02-08,48,29,South,Mobile,1,102.76
2023-02-08,61,34,South,Tablet,1,95.76
2023-02-08,27,27,North,Mobile,0,87.32
2023-02-08,56,34,East,Desktop,1,110.89
2023-02-08,30,1,South,Mobile,1,95.14
2023-02-08,48,34,South,Mobile,0,77.52
2023-02-09,24,2,West,Tablet,0,66.03
2023-02-09,66,29,South,Mobile,1,108.58
2023-02-09,59,32,West,Mobile,1,95.33
2023-02-09,59,49,North,Desktop,0,101.16
2023-02-09,53,57,South,Mobile,0,88.37
2023-02-09,37,24,West,Desktop,1,94.85
2023-02-09,21,8,South,Mobile,0,55.26
2023-02-10,24,17,East,Mobile,0,60.72
2023-02-10,18,17,South,Mobile,0,61.43
2023-02-10,61,27,North,Mobile,1,105.66
2023-02-10,62,48,South,Desktop,1,131.23
2023-02-10,59,31,South,Desktop,1,119.26
2023-02-10,64,36,West,Mobile,1,100.41
2023-02-10,30,21,North,Mobile,0,73.84
2023-02-11,39,23,West,Desktop,1,96.39
2023-02-11,38,27,West,Mobile,1,92.31
2023-02-11,39,13,North,Mobile,0,64.22
2023-02-11,45,16,South,Mobile,1,87.66
2023-02-11,26,1,West,Mobile,0,52.65
2023-02-11,43,25,West,Desktop,1,121.56
2023-02-11,26,20,South,Tablet,0,63.45
2023-02-12,32,20,South,Mobile,0,67.13
2023-02-12,27,30,South,Mobile,0,89.32
2023-02-13,41,20,East,Mobile,1,100.94
2023-02-13,59,36,South,Mobile,1,82.05
2023-02-13,25,1,East,Mobile,0,63.93
2023-02-13,41,16,North,Desktop,1,100.35
2023-02-13,33,23,North,Mobile,0,62.79
2023-02-13,66,41,South,Mobile,1,95.57
2023-02-14,43,18,South,Mobile,0,69.07
2023-02-14,44,21,South,Mobile,1,86.67
2023-02-14,54,11,South,Mobile,1,76.52
2023-02-15,21,6,South,Desktop,0,87.29
2023-02-15,67,42,North,Mobile,1,104.97
2023-02-15,41,26,South,Desktop,1,97.96
2023-02-15,36,23,West,Mobile,0,67.66
2023-02-15,53,26,South,Mobile,1,93.85
2023-02-15,56,28,South,Mobile,0,94.52
2023-02-15,27,6,South,Mobile,0,59.39
2023-02-16,42,27,West,Mobile,1,80.94
2023-02-16,35,21,North,Mobile,1,99.7
2023-02-16,36,22,East,Desktop,1,119.69
2023-02-16,53,21,East,Desktop,1,114.99
2023-02-16,27,1,East,Mobile,1,84.44
2023-02-16,50,35,North,Mobile,1,88.7
2023-02-16,67,28,East,Mobile,1,82.55
2023-02-16,22,2,North,Mobile,0,81.67
2023-02-17,64,38,South,Mobile,1,121.87
2023-02-17,66,29,East,Desktop,1,130.2
2023-02-17,52,36,North,Mobile,1,97.08
2023-02-18,61,36,West,Mobile,1,85.86
2023-02-18,51,32,North,Mobile,1,85.36
2023-02-18,50,11,West,Mobile,1,83.17
2023-02-18,38,31,South,Desktop,1,103.57
2023-02-19,34,19,North,Mobile,0,100.51
2023-02-19,39,15,North,Mobile,0,78.78
2023-02-19,65,33,West,Desktop,1,114.97
2023-02-20,54,9,North,Mobile,1,119.17
2023-02-20,32,20,North,Desktop,0,80.79
2023-02-20,52,15,South,Mobile,0,100.46
2023-02-20,45,8,East,Mobile,0,93.81
2023-02-20,24,1,South,Desktop,0,56.15
2023-02-20,49,35,North,Mobile,1,103.75
2023-02-20,28,7,South,Mobile,0,74.83
2023-02-20,27,28,North,Mobile,0,72.27
2023-02-21,26,7,North,Mobile,0,57.53
2023-02-21,31,1,South,Desktop,0,89.33
2023-02-21,30,3,East,Desktop,1,99.78
2023-02-21,42,33,North,Tablet,1,102.24
2023-02-22,19,7,South,Desktop,0,51.74
2023-02-22,52,20,South,Mobile,0,68.64
2023-02-22,24,13,West,Mobile,0,68.48
2023-02-22,38,24,West,Mobile,0,67.81
2023-02-22,35,28,West,Mobile,1,86.54
2023-02-22,20,24,North,Mobile,0,75.06
2023-02-22,59,25,North,Tablet,1,107.0
2023-02-22,56,14,South,Mobile,1,110.77
2023-02-23,58,24,South,Mobile,1,92.29
2023-02-23,66,35,South,Mobile,0,77.19
2023-02-23,28,4,East,Desktop,1,100.0
2023-02-23,56,18,West,Desktop,0,93.36
2023-02-23,41,23,West,Desktop,1,114.46
2023-02-23,63,31,South,Mobile,1,100.21
2023-02-23,36,18,East,Desktop,1,110.82
2023-02-23,21,2,South,Mobile,0,71.13
2023-02-23,43,19,North,Desktop,0,101.09
2023-02-24,55,18,East,Mobile,1,90.95
2023-02-24,59,38,North,Mobile,0,91.66
2023-02-24,49,34,South,Mobile,0,92.86
2023-02-24,56,9,South,Desktop,0,108.13
2023-02-24,62,21,East,Mobile,1,107.12
2023-02-24,63,16,East,Desktop,1,114.33
2023-02-25,53,19,South,Mobile,1,113.93
2023-02-25,57,27,West,Mobile,1,79.05
2023-02-25,54,12,South,Mobile,1,80.45
2023-02-26,50,15,South,Mobile,1,103.1
2023-02-26,53,16,East,Mobile,0,81.41
2023-02-27,20,12,East,Mobile,1,88.76
2023-02-27,26,13,West,Desktop,0,80.74
2023-02-27,25,5,North,Mobile,0,69.12
2023-02-27,50,26,East,Tablet,1,81.63
2023-02-27,23,6,East,Mobile,0,64.9
2023-02-27,58,26,West,Desktop,1,124.02
2023-02-27,56,44,North,Mobile,1,111.12
2023-02-27,21,23,East,Mobile,0,87.21
2023-02-28,30,2,South,Mobile,0,69.65
2023-02-28,66,41,South,Mobile,1,114.75
2023-02-28,19,17,South,Desktop,0,58.57
2023-02-28,22,1,South,Mobile,0,49.17
2023-02-28,61,38,South,Mobile,1,96.37
2023-02-28,44,37,West,Desktop,1,108.99
2023-02-28,49,13,South,Mobile,0,68.3
2023-03-01,38,9,East,Desktop,1,102.85
2023-03-01,25,22,South,Mobile,0,61.06
2023-03-01,55,30,North,Desktop,1,119.08
2023-03-01,25,18,North,Mobile,0,66.96
2023-03-01,67,36,South,Mobile,1,108.52
2023-03-02,20,13,South,Mobile,0,64.24
2023-03-02,61,17,North,Tablet,1,91.34
2023-03-02,20,20,South,Mobile,0,58.05
2023-03-02,39,31,South,Mobile,1,87.61
2023-03-02,23,9,South,Desktop,0,61.75
2023-03-03,19,9,South,Tablet,0,70.02
2023-03-03,40,4,North,Desktop,1,107.02
2023-03-03,61,35,West,Tablet,1,102.78
2023-03-03,19,15,West,Mobile,0,66.34
2023-03-03,55,26,East,Mobile,1,91.07
2023-03-03,34,28,North,Desktop,1,94.46
2023-03-03,52,22,East,Desktop,1,106.34
2023-03-04,51,31,West,Mobile,1,97.81
2023-03-04,40,9,East,Mobile,1,91.69
2023-03-04,47,23,North,Desktop,1,125.36
2023-03-04,69,32,East,Mobile,1,126.84
2023-03-04,25,14,West,Mobile,0,66.51
2023-03-04,39,15,South,Mobile,1,81.62
2023-03-04,61,29,East,Mobile,0,83.3
2023-03-04,53,34,South,Desktop,1,130.78
2023-03-04,22,6,South,Mobile,0,82.93
2023-03-05,30,1,North,Desktop,0,80.5
2023-03-05,46,40,East,Mobile,0,62.11
2023-03-05,48,37,North,Mobile,1,96.23
2023-03-06,64,19,South,Desktop,0,97.99
2023-03-06,33,23,South,Mobile,1,88.96
2023-03-06,59,24,South,Mobile,1,92.79
2023-03-06,47,26,North,Mobile,0,85.82
2023-03-07,33,19,East,Mobile,0,70.68
2023-03-07,29,12,East,Mobile,1,68.76
2023-03-07,34,9,North,Desktop,0,98.16
2023-03-07,33,9,North,Desktop,0,82.08
2023-03-08,29,5,North,Desktop,0,94.39
2023-03-08,25,4,West,Mobile,0,62.63
2023-03-08,37,17,South,Mobile,0,59.83
2023-03-09,20,2,South,Mobile,0,56.71
2023-03-09,33,23,North,Mobile,0,58.27
2023-03-09,47,38,East,Mobile,1,89.97
2023-03-10,62,25,West,Mobile,1,102.66
2023-03-10,40,22,West,Tablet,0,75.79
2023-03-10,45,27,East,Mobile,1,88.86
2023-03-10,68,38,North,Mobile,1,105.73
2023-03-10,57,29,North,Desktop,1,102.22
2023-03-10,22,18,North,Mobile,0,76.26
2023-03-10,37,23,South,Desktop,1,101.34
2023-03-11,57,16,North,Desktop,0,104.17
2023-03-11,61,39,South,Tablet,1,93.1
2023-03-13,18,17,South,Mobile,1,57.92
2023-03-13,47,15,West,Desktop,1,106.28
2023-03-13,38,19,East,Mobile,1,88.19
2023-03-13,37,25,West,Desktop,0,71.69
2023-03-13,23,9,East,Mobile,0,52.25
2023-03-13,39,30,North,Mobile,0,86.31
2023-03-14,35,41,East,Mobile,0,98.73
2023-03-14,25,4,South,Mobile,0,40.84
2023-03-14,56,14,East,Desktop,1,101.01
2023-03-14,49,27,South,Desktop,0,111.08
2023-03-15,50,32,West,Desktop,1,94.38
2023-03-15,33,14,South,Mobile,1,76.07
2023-03-16,29,29,South,Desktop,0,76.87
2023-03-16,55,14,West,Mobile,1,90.92
2023-03-16,69,41,North,Desktop,1,105.42
2023-03-16,51,19,East,Tablet,1,107.08
2023-03-16,31,32,East,Mobile,1,65.52
2023-03-16,53,46,West,Desktop,1,115.61
2023-03-16,50,17,West,Mobile,0,95.65
2023-03-17,40,14,West,Mobile,0,63.27
2023-03-17,67,42,North,Mobile,1,102.25
2023-03-17,62,27,West,Mobile,1,116.91
2023-03-17,19,9,East,Desktop,0,79.52
2023-03-17,58,29,East,Mobile,1,96.16
2023-03-17,38,1,North,Mobile,0,91.78
2023-03-18,19,9,East,Mobile,0,78.89
2023-03-18,44,15,West,Desktop,0,87.05
2023-03-19,26,8,West,Tablet,0,58.81
2023-03-19,18,23,South,Desktop,0,67.55
2023-03-19,28,1,North,Desktop,0,77.45
2023-03-19,20,18,South,Mobile,0,60.37
2023-03-19,69,31,West,Mobile,1,114.71
2023-03-19,40,17,East,Mobile,0,49.79
2023-03-20,43,29,South,Mobile,0,66.66
2023-03-20,21,13,North,Desktop,1,81.07
2023-03-21,35,23,South,Mobile,0,80.76
2023-03-21,23,21,South,Desktop,0,76.94
2023-03-21,52,22,West,Mobile,1,76.41
2023-03-21,39,13,East,Mobile,1,87.34
2023-03-22,60,19,South,Mobile,1,99.79
2023-03-22,32,7,South,Desktop,0,80.99
2023-03-22,39,48,North,Desktop,0,95.75
2023-03-22,54,39,West,Desktop,1,107.75
2023-03-22,69,20,South,Mobile,1,114.8
2023-03-22,59,16,South,Tablet,1,85.48
2023-03-22,29,19,South,Mobile,0,67.1
2023-03-23,64,37,East,Mobile,1,87.89
2023-03-23,66,38,East,Tablet,1,98.03
2023-03-23,59,26,East,Mobile,1,88.22
2023-03-23,55,26,South,Desktop,1,114.44
2023-03-23,35,20,South,Mobile,1,91.54
2023-03-24,62,31,North,Mobile,1,105.3
2023-03-24,52,3,East,Tablet,1,81.67
2023-03-25,47,21,North,Mobile,1,101.19
2023-03-25,41,11,South,Desktop,0,74.67
2023-03-25,59,31,West,Mobile,1,105.61
2023-03-25,47,53,West,Desktop,1,98.71
2023-03-25,31,19,South,Mobile,0,88.78
2023-03-25,23,8,South,Mobile,0,45.06
2023-03-25,20,19,North,Mobile,0,67.15
2023-03-25,33,21,East,Mobile,0,86.95
2023-03-26,24,16,West,Tablet,1,71.55
2023-03-26,69,40,North,Mobile,1,102.75
2023-03-27,31,36,South,Mobile,1,88.37
2023-03-27,26,1,West,Mobile,1,76.55
2023-03-27,32,20,West,Mobile,0,47.99
2023-03-27,38,9,North,Desktop,0,74.87
2023-03-27,52,31,South,Tablet,1,122.59
2023-03-27,19,1,North,Mobile,0,56.87
2023-03-28,44,17,North,Desktop,1,83.38
2023-03-28,19,6,West,Mobile,0,72.77
2023-03-28,52,35,West,Mobile,1,103.87
2023-03-28,35,26,East,Desktop,1,83.2
2023-03-29,31,3,North,Mobile,0,63.35
2023-03-29,37,19,West,Desktop,1,110.87
2023-03-29,35,10,South,Desktop,1,93.44
2023-03-30,27,1,South,Mobile,1,63.49
2023-03-30,42,18,South,Tablet,1,112.95
2023-03-30,19,6,North,Desktop,0,77.54
2023-03-30,42,45,East,Mobile,1,119.31
2023-03-30,50,29,South,Desktop,1,116.09
2023-03-30,53,12,North,Mobile,1,85.3
2023-03-31,48,18,North,Tablet,1,111.85
2023-03-31,31,25,North,Desktop,0,82.53
2023-03-31,18,29,North,Mobile,0,55.01
2023-03-31,63,15,South,Mobile,0,89.7
2023-03-31,33,1,West,Desktop,0,80.73
2023-03-31,63,50,North,Mobile,1,109.0
2023-03-31,69,38,North,Mobile,1,104.13
2023-04-01,20,1,South,Mobile,0,82.31
2023-04-02,52,31,West,Mobile,1,96.58
2023-04-02,58,2,South,Mobile,1,84.43
2023-04-02,23,11,South,Mobile,0,68.99
2023-04-02,42,24,South,Mobile,1,89.55
2023-04-02,30,24,South,Desktop,1,65.94
2023-04-02,51,15,North,Mobile,0,85.17
2023-04-02,25,13,East,Mobile,0,62.19
2023-04-02,38,9,East,Mobile,1,82.07
2023-04-02,51,28,South,Mobile,1,114.76
2023-04-03,21,1,East,Mobile,0,57.65
2023-04-03,42,16,East,Mobile,1,97.19
2023-04-03,32,6,North,Mobile,0,62.42
2023-04-03,21,17,South,Desktop,0,87.14
2023-04-03,62,39,North,Desktop,1,129.47
2023-04-04,29,12,North,Desktop,0,65.8
2023-04-04,49,24,East,Desktop,0,77.68
2023-04-04,49,10,West,Desktop,1,92.05
2023-04-05,45,19,West,Mobile,0,76.1
2023-04-05,30,14,East,Desktop,1,79.93
2023-04-05,48,50,North,Mobile,1,109.31
2023-04-05,31,4,North,Desktop,0,89.94
2023-04-05,37,33,West,Desktop,1,101.83
2023-04-05,35,27,South,Mobile,0,44.34
2023-04-05,46,25,East,Mobile,1,97.99
2023-04-05,23,29,East,Mobile,0,73.93
2023-04-06,49,28,East,Desktop,1,112.17
2023-04-06,46,26,West,Desktop,1,101.28
2023-04-06,60,29,North,Desktop,1,115.55
2023-04-06,19,21,East,Mobile,0,68.37
2023-04-06,40,30,West,Desktop,1,119.61
2023-04-06,36,11,South,Mobile,1,70.3
2023-04-06,48,10,East,Desktop,1,107.54
2023-04-06,68,31,South,Mobile,1,97.79
2023-04-07,22,2,West,Mobile,0,59.34
2023-04-07,36,17,North,Mobile,0,56.7
2023-04-07,51,37,South,Desktop,0,94.59
2023-04-07,27,8,North,Tablet,0,62.16
2023-04-08,42,20,East,Mobile,1,85.01
2023-04-08,19,10,North,Mobile,0,51.53
2023-04-08,28,22,North,Tablet,0,70.81
2023-04-08,67,11,South,Mobile,1,100.09
2023-04-08,48,17,West,Desktop,1,104.08
2023-04-08,32,18,North,Mobile,1,81.47
2023-04-08,26,25,North,Mobile,0,60.84
2023-04-08,40,15,East,Desktop,1,106.19
2023-04-09,36,1,South,Desktop,1,85.89
2023-04-09,26,19,West,Mobile,0,80.92
2023-04-09,52,19,North,Mobile,1,98.07
2023-04-09,38,7,East,Desktop,0,84.18
2023-04-09,26,6,North,Mobile,1,100.05
2023-04-09,45,20,North,Desktop,1,105.11
2023-04-09,63,25,East,Mobile,1,98.29
2023-04-09,68,11,South,Mobile,1,115.42
2023-04-09,24,20,East,Tablet,0,63.97
2023-04-09,33,29,South,Desktop,1,90.55
2023-04-09,33,23,South,Mobile,0,86.16
2023-04-10,50,13,South,Desktop,1,96.86
2023-04-10,21,8,West,Mobile,0,79.32
2023-04-10,21,10,South,Mobile,0,65.29
2023-04-10,56,33,South,Tablet,1,89.86
2023-04-10,57,35,South,Desktop,1,108.7
2023-04-11,34,9,South,Desktop,1,105.37
2023-04-11,54,27,South,Mobile,1,102.0
2023-04-11,56,32,West,Mobile,1,100.27
2023-04-11,69,49,South,Mobile,1,105.4
2023-04-11,46,30,West,Mobile,1,95.94
2023-04-11,69,42,North,Desktop,1,137.12
2023-04-11,53,27,East,Mobile,1,109.91
2023-04-11,55,41,West,Desktop,1,108.64
2023-04-12,56,32,North,Mobile,1,100.94
2023-04-12,67,24,West,Mobile,1,110.79
2023-04-13,54,41,South,Mobile,1,97.9
2023-04-13,69,41,West,Mobile,1,116.23
2023-04-13,52,21,East,Mobile,1,77.26
2023-04-13,24,7,South,Tablet,0,75.34
2023-04-13,44,24,North,Mobile,1,103.67
2023-04-13,45,27,South,Tablet,1,103.52
2023-04-14,39,21,North,Mobile,0,71.35
2023-04-14,31,18,North,Tablet,1,93.65
2023-04-14,24,28,North,Mobile,0,93.49
2023-04-14,54,37,South,Tablet,1,110.59
2023-04-14,39,21,East,Mobile,1,84.1
2023-04-14,22,20,North,Desktop,0,81.88
2023-04-14,19,1,North,Tablet,0,74.68
2023-04-14,44,25,East,Mobile,0,65.24
2023-04-15,38,37,North,Mobile,1,90.9
2023-04-15,55,25,North,Mobile,1,124.45
2023-04-15,32,7,North,Tablet,0,75.7
2023-04-15,38,12,West,Mobile,0,81.36
2023-04-16,27,2,West,Mobile,0,45.02
2023-04-16,40,12,South,Mobile,1,77.92
2023-04-16,56,24,East,Mobile,1,93.09
2023-04-16,22,1,South,Desktop,0,73.24
2023-04-16,18,9,East,Mobile,0,47.16
2023-04-17,30,24,East,Desktop,0,61.14
2023-04-17,38,9,East,Tablet,1,65.11
2023-04-17,43,36,South,Mobile,1,110.8
2023-04-17,67,38,North,Desktop,1,120.03
2023-04-18,62,41,South,Mobile,1,106.05
2023-04-18,38,12,West,Desktop,1,98.77
2023-04-18,35,26,South,Mobile,0,61.89
2023-04-18,54,16,West,Desktop,1,85.46
2023-04-18,62,39,West,Mobile,1,86.64
2023-04-19,49,26,North,Mobile,1,91.45
2023-04-19,53,32,East,Mobile,1,100.76
2023-04-19,34,5,East,Mobile,1,79.3
2023-04-20,52,17,West,Desktop,1,125.65
2023-04-21,66,38,West,Mobile,1,118.9
2023-04-21,28,4,East,Desktop,1,96.48
2023-04-21,38,23,North,Mobile,0,70.5
2023-04-21,69,20,East,Desktop,1,130.7
2023-04-21,43,29,North,Mobile,1,97.75
2023-04-21,21,1,East,Mobile,0,48.44
2023-04-21,51,31,West,Mobile,1,94.23
2023-04-21,69,40,South,Desktop,1,121.06
2023-04-21,65,25,East,Mobile,1,109.46
2023-04-21,35,23,South,Desktop,1,88.33
2023-04-22,57,31,South,Desktop,1,104.18
2023-04-22,52,20,South,Mobile,1,100.35
2023-04-22,58,18,East,Desktop,0,98.96
2023-04-22,46,3,West,Mobile,1,81.08
2023-04-22,69,37,West,Mobile,0,72.83
2023-04-23,46,7,North,Desktop,0,81.93
2023-04-23,55,28,West,Desktop,0,101.24
2023-04-23,59,26,East,Desktop,1,130.61
2023-04-23,38,25,South,Mobile,1,73.17
2023-04-23,59,26,North,Mobile,1,108.04
2023-04-23,30,11,South,Mobile,1,76.73
2023-04-23,66,40,West,Desktop,1,137.21
2023-04-23,58,32,East,Mobile,1,96.84
2023-04-23,34,20,East,Desktop,0,61.79
2023-04-23,26,17,South,Mobile,0,74.0
2023-04-24,58,13,East,Mobile,1,93.8
2023-04-24,18,16,North,Mobile,0,55.13
2023-04-24,19,15,South,Mobile,0,50.36
2023-04-24,65,22,East,Mobile,1,119.07
2023-04-25,46,20,North,Desktop,0,93.29
2023-04-25,50,24,West,Desktop,1,104.37
2023-04-25,27,12,North,Mobile,0,72.61
2023-04-25,67,36,East,Mobile,1,109.54
2023-04-26,57,42,South,Mobile,1,107.75
2023-04-26,38,29,South,Desktop,0,86.56
2023-04-26,45,9,North,Mobile,0,78.74
2023-04-26,28,20,North,Tablet,0,75.92
2023-04-27,51,38,West,Mobile,0,81.48
2023-04-27,25,16,South,Mobile,0,39.32
2023-04-27,39,30,West,Tablet,0,66.42
2023-04-27,25,32,West,Mobile,0,48.7
2023-04-27,66,43,North,Mobile,1,134.69
2023-04-27,32,18,South,Mobile,0,76.88
2023-04-27,34,27,East,Mobile,0,65.84
2023-04-28,40,21,West,Mobile,0,60.48
2023-04-28,41,20,West,Desktop,1,92.85
2023-04-28,62,27,South,Desktop,1,118.43
2023-04-28,36,33,East,Mobile,0,54.36
2023-04-28,22,2,North,Tablet,1,81.61
2023-04-28,49,39,West,Mobile,1,102.6
2023-04-28,61,35,West,Mobile,1,112.62
2023-04-29,18,1,North,Mobile,1,78.25
2023-04-29,40,23,South,Mobile,1,71.92
2023-04-29,54,5,North,Mobile,1,91.92
2023-04-29,25,18,South,Tablet,0,53.66
2023-04-30,30,23,West,Mobile,0,72.53
2023-04-30,25,6,South,Mobile,0,71.11
2023-04-30,40,21,North,Mobile,1,79.77
2023-04-30,60,49,South,Desktop,1,104.86
2023-04-30,18,3,West,Desktop,0,68.2
2023-04-30,62,20,East,Mobile,0,85.99
2023-04-30,68,48,South,Mobile,1,107.64
2023-05-01,41,40,North,Mobile,1,93.86
2023-05-01,52,26,West,Mobile,0,81.08
2023-05-01,41,30,West,Mobile,1,76.18
2023-05-02,34,30,South,Mobile,1,85.14
2023-05-02,22,3,North,Mobile,1,101.58
2023-05-02,37,13,North,Mobile,1,86.82
2023-05-02,38,31,North,Mobile,1,112.6
2023-05-02,57,45,South,Tablet,1,107.17
2023-05-02,48,29,West,Tablet,1,101.55
2023-05-02,63,22,South,Mobile,1,96.98
2023-05-02,53,46,West,Mobile,1,107.45
2023-05-02,28,8,South,Mobile,0,67.38
2023-05-03,69,31,East,Mobile,1,101.85
2023-05-03,32,19,East,Desktop,0,74.84
2023-05-03,36,33,North,Mobile,0,101.41
2023-05-03,24,20,South,Desktop,1,77.8
2023-05-04,68,38,East,Tablet,1,119.31
2023-05-04,45,27,North,Mobile,1,79.87
2023-05-04,68,34,South,Mobile,1,97.74
2023-05-05,60,35,South,Mobile,1,101.67
2023-05-05,22,1,West,Mobile,0,71.76
2023-05-05,22,8,South,Mobile,1,92.74
2023-05-06,47,25,West,Mobile,1,69.1
2023-05-06,49,12,South,Desktop,0,81.01
2023-05-06,25,16,East,Mobile,0,42.11
2023-05-06,27,11,South,Mobile,0,73.14
2023-05-06,55,45,West,Desktop,0,105.07
2023-05-06,64,47,South,Desktop,1,132.85
2023-05-07,49,19,East,Mobile,0,73.11
2023-05-07,65,30,East,Desktop,1,117.81
2023-05-07,45,21,South,Mobile,0,82.61
2023-05-07,34,12,North,Mobile,1,86.73
2023-05-07,48,25,North,Mobile,1,83.04
2023-05-08,25,4,North,Mobile,0,68.65
2023-05-08,57,17,West,Desktop,1,89.01
2023-05-08,42,27,North,Desktop,1,119.24
2023-05-08,26,19,North,Desktop,1,83.27
2023-05-08,19,1,East,Mobile,0,66.15
2023-05-08,32,24,South,Mobile,0,62.86
2023-05-08,67,27,South,Mobile,1,112.63
2023-05-09,20,12,North,Mobile,0,65.42
2023-05-09,66,41,West,Desktop,0,101.65
2023-05-09,53,26,West,Desktop,1,103.51
2023-05-09,21,15,West,Mobile,0,73.91
2023-05-10,31,10,South,Mobile,1,79.55
2023-05-10,58,27,East,Mobile,1,87.02
2023-05-10,58,26,North,Mobile,1,114.25
2023-05-10,42,13,North,Mobile,0,82.55
2023-05-10,67,31,North,Mobile,1,109.15
2023-05-10,27,1,South,Mobile,0,78.18
2023-05-10,38,14,South,Mobile,1,86.89
2023-05-11,53,23,South,Mobile,1,111.43
2023-05-11,29,11,North,Mobile,1,91.41
2023-05-11,44,19,South,Desktop,0,81.85
2023-05-11,57,27,East,Mobile,1,126.69
2023-05-11,19,14,South,Tablet,0,72.83
2023-05-11,30,23,East,Mobile,0,73.89
2023-05-11,49,18,North,Mobile,1,103.61
2023-05-11,48,11,West,Mobile,0,78.09
2023-05-11,33,6,South,Mobile,0,81.3
2023-05-12,49,19,North,Desktop,1,89.43
2023-05-12,49,20,North,Mobile,1,88.77
2023-05-12,51,17,East,Tablet,1,100.35
2023-05-13,28,1,West,Desktop,0,64.73
2023-05-13,27,8,South,Mobile,0,66.98
2023-05-13,32,17,South,Mobile,0,63.6
2023-05-13,34,22,West,Desktop,0,98.33
2023-05-13,57,22,East,Mobile,1,113.73
2023-05-13,35,13,South,Desktop,1,97.31
2023-05-13,26,3,South,Mobile,0,58.13
2023-05-13,42,20,North,Mobile,1,111.88
2023-05-14,57,20,East,Mobile,1,102.78
2023-05-14,31,21,South,Mobile,0,73.12
2023-05-14,42,3,West,Desktop,0,98.74
2023-05-14,67,29,South,Mobile,1,90.98
2023-05-14,39,22,South,Desktop,0,77.39
2023-05-14,69,36,South,Mobile,1,96.26
2023-05-14,47,50,West,Mobile,0,89.89
2023-05-15,37,21,West,Mobile,0,77.44
2023-05-15,38,8,South,Mobile,0,64.33
2023-05-15,61,29,East,Mobile,1,103.3
2023-05-16,49,6,South,Mobile,1,105.0
2023-05-16,68,33,South,Desktop,1,97.19
2023-05-16,63,23,North,Mobile,1,92.28
2023-05-16,66,42,South,Mobile,1,119.46
2023-05-17,38,13,North,Desktop,1,103.9
2023-05-17,52,24,West,Desktop,1,105.6
2023-05-17,49,18,South,Mobile,1,104.22
2023-05-17,47,40,West,Mobile,0,71.73
2023-05-17,56,24,South,Desktop,1,111.63
2023-05-17,66,51,East,Mobile,1,108.28
2023-05-18,29,22,South,Mobile,0,68.72
2023-05-18,58,33,North,Mobile,1,114.81
2023-05-19,64,35,South,Desktop,1,112.88
2023-05-19,35,21,North,Mobile,1,106.72
2023-05-20,38,1,East,Tablet,0,74.42
2023-05-20,30,12,South,Mobile,1,90.23
2023-05-20,38,27,East,Desktop,1,99.44
2023-05-21,25,12,North,Mobile,0,70.88
2023-05-21,63,17,North,Mobile,1,79.63
2023-05-21,57,27,South,Desktop,1,118.77
2023-05-21,63,48,West,Mobile,1,106.37
2023-05-21,24,24,East,Mobile,0,78.24
2023-05-22,40,19,South,Mobile,1,92.21
2023-05-22,61,40,South,Mobile,1,101.35
2023-05-22,49,20,North,Mobile,0,106.13
2023-05-23,28,1,West,Desktop,0,61.59
2023-05-23,39,10,East,Mobile,0,68.77
2023-05-23,39,35,South,Mobile,0,71.35
2023-05-23,60,27,South,Mobile,1,91.46
2023-05-23,42,18,North,Desktop,1,102.28
2023-05-23,39,16,West,Desktop,0,68.95
2023-05-24,45,41,North,Mobile,1,100.49
2023-05-24,46,39,East,Mobile,1,117.73
2023-05-24,30,37,North,Tablet,0,87.45
2023-05-24,35,15,East,Mobile,0,71.51
2023-05-24,19,12,East,Desktop,0,62.96
2023-05-24,46,7,East,Desktop,0,88.33
2023-05-24,38,33,East,Desktop,0,110.01
2023-05-24,32,4,West,Mobile,1,74.61
2023-05-25,69,36,North,Desktop,1,122.91
2023-05-25,44,11,South,Desktop,1,92.32
2023-05-25,67,27,North,Mobile,1,101.91
2023-05-25,48,15,West,Mobile,1,64.66
2023-05-25,32,9,South,Mobile,0,68.89
2023-05-25,68,28,East,Mobile,1,97.79
2023-05-25,40,14,East,Mobile,0,54.01
2023-05-25,41,28,North,Mobile,0,90.97
2023-05-25,61,19,North,Mobile,1,99.56
2023-05-26,30,17,South,Mobile,1,76.42
2023-05-26,39,31,South,Mobile,1,104.71
2023-05-26,60,24,North,Desktop,1,103.01
2023-05-26,54,19,North,Tablet,1,83.29
2023-05-26,50,22,West,Mobile,1,99.41
2023-05-27,20,21,West,Mobile,0,78.47
2023-05-27,36,19,South,Mobile,0,61.47
2023-05-27,40,14,South,Desktop,1,98.85
2023-05-27,46,27,North,Desktop,1,109.5
2023-05-27,47,12,East,Tablet,1,68.77
2023-05-27,56,34,West,Mobile,1,102.95
2023-05-27,61,34,North,Tablet,1,118.89
2023-05-27,64,28,North,Mobile,1,98.67
2023-05-27,42,12,East,Desktop,1,122.59
2023-05-27,54,18,East,Mobile,1,113.44
2023-05-28,64,37,North,Desktop,1,120.49
2023-05-28,25,24,East,Mobile,0,67.12
2023-05-28,59,23,South,Desktop,1,91.19
2023-05-28,33,21,South,Desktop,1,107.94
2023-05-28,25,1,East,Mobile,0,65.45
2023-05-28,18,3,West,Mobile,0,55.76
2023-05-28,61,30,South,Desktop,1,80.25
2023-05-28,22,1,West,Mobile,0,76.32
2023-05-29,20,1,South,Mobile,0,56.57
2023-05-29,18,2,East,Mobile,0,56.11
2023-05-29,21,13,South,Mobile,0,68.95
2023-05-29,57,26,West,Mobile,1,108.56
2023-05-30,52,3,West,Mobile,1,59.56
2023-05-30,49,3,North,Mobile,1,100.57
2023-05-30,59,23,West,Mobile,1,78.43
2023-05-30,51,30,West,Desktop,1,107.75
2023-05-30,60,2,East,Tablet,1,100.0
2023-05-31,42,16,North,Desktop,0,108.57
2023-05-31,27,8,West,Mobile,1,77.5
2023-05-31,38,32,West,Tablet,0,52.08
2023-05-31,63,27,South,Mobile,1,95.56
2023-05-31,56,31,West,Mobile,1,103.43
2023-05-31,44,23,North,Tablet,1,105.01
2023-06-01,44,1,North,Desktop,0,80.0
2023-06-01,19,17,South,Desktop,1,99.26
2023-06-01,58,31,South,Desktop,1,108.26
2023-06-01,65,37,East,Mobile,1,106.95
2023-06-01,30,54,North,Mobile,0,82.33
2023-06-01,26,1,West,Desktop,0,74.19
2023-06-01,69,51,North,Mobile,1,118.76
2023-06-01,53,23,North,Mobile,0,84.72
2023-06-01,39,22,North,Desktop,1,87.98
2023-06-01,59,29,South,Desktop,1,108.46
2023-06-02,43,17,West,Mobile,1,110.78
2023-06-02,29,8,East,Desktop,0,80.01
2023-06-02,34,20,West,Desktop,1,125.44
2023-06-02,31,1,North,Desktop,0,108.21
2023-06-02,31,23,South,Mobile,0,67.47
2023-06-02,51,21,South,Mobile,1,103.85
2023-06-02,37,7,South,Mobile,1,79.82
2023-06-03,28,9,North,Mobile,0,75.0
2023-06-03,33,29,East,Mobile,1,74.13
2023-06-03,68,28,South,Mobile,1,103.59
2023-06-03,48,27,East,Mobile,0,93.11
2023-06-03,23,4,South,Tablet,0,55.14
2023-06-03,36,25,North,Mobile,0,78.64
2023-06-03,54,33,East,Desktop,1,93.42
2023-06-03,21,28,North,Desktop,0,84.68
2023-06-04,64,30,West,Mobile,1,113.19
2023-06-04,21,17,East,Tablet,0,49.7
2023-06-04,37,19,North,Mobile,0,77.68
2023-06-04,27,26,West,Mobile,1,84.36
2023-06-05,41,13,South,Desktop,1,108.85
2023-06-05,52,33,North,Mobile,1,101.99
2023-06-06,43,19,East,Desktop,0,89.49
2023-06-06,54,26,South,Mobile,1,104.28
2023-06-06,55,28,West,Desktop,0,111.79
2023-06-06,38,21,West,Mobile,1,93.47
2023-06-06,57,27,West,Desktop,0,97.16
2023-06-06,56,30,South,Mobile,1,122.58
2023-06-07,38,34,South,Desktop,1,94.38
2023-06-07,27,23,East,Desktop,0,87.7
2023-06-07,55,36,North,Mobile,1,118.1
2023-06-07,63,26,South,Desktop,1,98.74
2023-06-07,21,1,South,Mobile,0,76.36
2023-06-07,62,40,North,Desktop,1,118.11
2023-06-07,37,27,South,Mobile,0,68.97
2023-06-08,34,31,West,Desktop,0,83.06
2023-06-08,24,5,West,Desktop,1,92.29
2023-06-08,21,8,North,Mobile,0,66.23
2023-06-09,46,6,North,Mobile,0,73.79
2023-06-09,31,11,South,Mobile,0,76.67
2023-06-09,20,19,West,Desktop,1,91.88
2023-06-09,41,15,North,Mobile,0,71.98
2023-06-09,54,33,East,Mobile,1,88.86
2023-06-09,33,14,North,Desktop,1,93.57
2023-06-09,69,37,East,Mobile,1,100.7
2023-06-09,21,1,South,Desktop,1,89.62
2023-06-09,41,21,East,Mobile,0,57.8
2023-06-09,51,1,North,Mobile,0,75.21
2023-06-10,47,21,East,Desktop,1,98.65
2023-06-10,35,1,North,Mobile,0,83.55
2023-06-10,36,30,East,Mobile,1,78.82
2023-06-10,48,31,West,Desktop,1,119.27
2023-06-10,36,22,North,Mobile,0,74.72
2023-06-10,66,48,West,Tablet,1,102.74
2023-06-10,63,22,South,Tablet,0,76.97
2023-06-10,36,35,North,Mobile,0,64.72
2023-06-10,39,28,South,Mobile,0,94.74
2023-06-11,41,18,North,Desktop,1,96.73
2023-06-11,62,42,East,Mobile,1,102.52
2023-06-11,29,3,East,Mobile,0,77.55
2023-06-11,47,15,North,Desktop,1,93.24
2023-06-12,55,21,South,Mobile,1,67.46
2023-06-12,48,18,West,Desktop,1,100.9
2023-06-12,53,15,West,Mobile,0,88.97
2023-06-12,36,30,South,Mobile,1,90.99
2023-06-12,65,29,West,Mobile,1,109.09
2023-06-12,62,34,South,Tablet,0,120.52
2023-06-12,53,20,South,Desktop,1,100.88
2023-06-13,47,5,West,Desktop,1,94.68
2023-06-13,66,35,South,Mobile,1,91.96
2023-06-13,50,5,South,Mobile,1,89.09
2023-06-13,35,16,South,Mobile,1,85.69
2023-06-13,69,20,West,Mobile,1,117.68
2023-06-13,66,52,West,Mobile,1,86.23
2023-06-14,45,31,South,Desktop,1,104.26
2023-06-14,64,33,South,Mobile,1,111.21
2023-06-14,28,26,South,Tablet,0,66.76
2023-06-14,62,22,South,Mobile,1,108.21
2023-06-14,50,30,North,Tablet,1,108.99
2023-06-14,34,18,East,Mobile,1,81.26
2023-06-14,23,14,South,Mobile,0,76.09
2023-06-15,21,23,South,Mobile,0,83.14
2023-06-15,37,25,North,Mobile,0,75.68
2023-06-15,65,35,North,Mobile,1,103.26
2023-06-15,64,15,West,Mobile,0,89.54
2023-06-15,44,12,South,Mobile,0,86.4
2023-06-16,32,14,North,Desktop,1,96.66
2023-06-16,23,12,South,Desktop,0,77.05
2023-06-17,64,20,South,Desktop,0,108.47
2023-06-17,31,39,North,Mobile,0,74.28
2023-06-17,28,29,South,Desktop,0,89.24
2023-06-17,56,34,South,Mobile,1,90.47
2023-06-17,26,13,South,Mobile,0,72.32
2023-06-18,43,19,South,Mobile,0,82.89
2023-06-18,33,6,South,Mobile,0,68.38
2023-06-19,22,11,West,Mobile,0,65.56
2023-06-19,69,37,South,Mobile,1,111.14
2023-06-19,27,1,South,Mobile,0,62.44
2023-06-19,67,36,North,Desktop,1,125.36
2023-06-19,20,8,South,Desktop,0,70.13
2023-06-19,30,1,East,Tablet,0,72.87
2023-06-19,60,21,North,Desktop,1,112.23
2023-06-19,66,28,East,Mobile,1,101.47
2023-06-19,47,42,North,Desktop,1,123.44
2023-06-20,62,36,South,Desktop,1,100.28
2023-06-20,23,1,East,Mobile,0,90.49
2023-06-20,34,21,South,Mobile,0,93.58
2023-06-20,62,15,South,Tablet,1,90.59
2023-06-21,68,44,North,Mobile,1,127.51
2023-06-21,36,13,East,Tablet,0,73.59
2023-06-21,59,28,North,Mobile,1,112.59
2023-06-21,52,39,West,Mobile,1,108.6
2023-06-21,63,18,North,Mobile,1,113.2
2023-06-21,43,7,West,Mobile,1,97.63
2023-06-22,68,28,South,Desktop,0,96.37
2023-06-22,22,21,East,Tablet,0,57.96
2023-06-22,46,7,South,Mobile,0,64.25
2023-06-22,54,1,West,Mobile,1,98.5
2023-06-22,37,13,North,Desktop,0,101.19
2023-06-22,66,38,North,Desktop,1,135.15
2023-06-22,38,31,South,Mobile,0,81.11
2023-06-22,27,8,North,Mobile,0,48.36
2023-06-22,22,6,North,Desktop,0,76.88
2023-06-23,53,38,West,Desktop,1,117.35
2023-06-23,23,1,West,Mobile,0,65.09
2023-06-23,43,17,South,Mobile,1,103.71
2023-06-23,21,12,West,Tablet,0,52.51
2023-06-24,56,32,South,Desktop,1,116.46
2023-06-24,56,22,South,Mobile,1,94.83
2023-06-24,67,33,East,Mobile,1,126.74
2023-06-24,52,1,East,Desktop,1,114.41
2023-06-24,18,2,West,Mobile,0,68.08
2023-06-25,41,25,South,Mobile,1,96.3
2023-06-25,53,16,East,Mobile,1,95.4
2023-06-25,23,12,North,Mobile,0,60.05
2023-06-25,58,33,North,Desktop,1,116.12
2023-06-25,63,28,North,Mobile,1,105.39
2023-06-26,61,32,West,Desktop,1,120.58
2023-06-26,48,14,West,Mobile,1,97.94
2023-06-26,37,16,East,Mobile,1,92.31
2023-06-26,41,26,South,Mobile,1,104.09
2023-06-26,42,22,South,Tablet,0,75.84
2023-06-26,53,20,North,Desktop,1,122.57
2023-06-26,38,21,South,Mobile,1,70.05
2023-06-26,47,30,South,Desktop,0,45.65
2023-06-26,41,1,East,Desktop,1,107.17
2023-06-27,61,42,South,Tablet,1,97.55
2023-06-27,59,26,North,Mobile,1,109.91
2023-06-27,47,27,North,Desktop,1,117.39
2023-06-27,39,31,North,Mobile,0,98.25
2023-06-27,45,8,South,Mobile,1,90.94
2023-06-27,24,4,West,Tablet,0,69.11
2023-06-28,52,23,East,Mobile,1,107.23
2023-06-28,45,14,West,Mobile,1,94.77
2023-06-28,31,32,South,Mobile,0,71.92
2023-06-28,27,4,South,Desktop,0,86.96
2023-06-28,33,10,North,Desktop,1,83.22
2023-06-28,33,18,West,Mobile,0,76.13
2023-06-29,48,11,East,Tablet,1,75.04
2023-06-29,59,25,North,Mobile,1,112.7
2023-06-29,42,24,South,Mobile,0,79.45
2023-06-29,30,11,South,Tablet,0,94.52
2023-06-29,23,10,East,Mobile,1,75.87
2023-06-29,61,25,West,Mobile,1,102.89
2023-06-30,26,1,South,Mobile,1,83.67
2023-06-30,62,34,South,Desktop,1,128.68
2023-06-30,53,44,North,Mobile,1,119.98
2023-06-30,60,30,North,Tablet,1,101.53
2023-06-30,37,20,North,Desktop,0,93.21
2023-07-01,35,24,North,Mobile,0,91.99
2023-07-01,60,17,East,Desktop,1,103.55
2023-07-01,38,36,East,Mobile,0,81.15
2023-07-01,21,12,North,Mobile,1,95.39
2023-07-02,67,49,West,Desktop,1,104.01
2023-07-02,50,17,North,Tablet,1,112.74
2023-07-02,44,40,South,Mobile,0,90.2
2023-07-02,24,19,North,Mobile,0,96.29
2023-07-03,23,17,South,Mobile,0,57.53
2023-07-03,32,18,South,Mobile,1,98.19
2023-07-03,35,15,South,Mobile,0,59.57
2023-07-03,49,36,South,Mobile,1,96.16
2023-07-04,28,15,West,Desktop,0,92.84
2023-07-04,37,1,North,Mobile,0,63.35
2023-07-05,41,9,North,Mobile,1,99.6
2023-07-05,32,14,North,Desktop,0,79.12
2023-07-05,65,35,East,Desktop,1,106.22
2023-07-05,24,11,North,Mobile,0,76.63
2023-07-05,38,31,West,Mobile,0,99.25
2023-07-06,59,9,South,Desktop,1,113.2
2023-07-06,43,22,South,Mobile,1,101.47
2023-07-06,61,12,South,Mobile,1,108.49
2023-07-06,31,23,North,Desktop,0,92.22
2023-07-06,54,26,North,Mobile,1,96.91
2023-07-06,38,23,South,Mobile,1,108.0
2023-07-06,35,8,South,Mobile,1,89.32
2023-07-07,22,23,North,Mobile,0,72.48
2023-07-07,20,20,North,Mobile,0,69.55
2023-07-07,40,25,West,Tablet,0,81.6
2023-07-07,43,20,North,Mobile,0,78.15
2023-07-07,54,32,West,Mobile,1,92.17
2023-07-07,41,13,East,Mobile,0,69.62
2023-07-07,66,41,South,Tablet,1,105.18
2023-07-07,36,34,North,Mobile,0,85.94
2023-07-08,68,44,North,Mobile,1,111.88
2023-07-08,42,13,East,Desktop,1,90.66
2023-07-08,38,22,East,Mobile,0,67.17
2023-07-09,29,1,East,Mobile,0,67.31
2023-07-09,58,34,West,Mobile,0,79.24
2023-07-09,50,29,East,Mobile,1,115.24
2023-07-09,67,14,North,Mobile,1,121.94
2023-07-09,21,1,North,Desktop,0,90.84
2023-07-09,59,26,West,Mobile,1,118.1
2023-07-09,24,8,North,Mobile,0,72.99
2023-07-10,39,7,North,Mobile,0,69.2
2023-07-10,50,28,East,Mobile,1,92.52
2023-07-10,34,19,South,Mobile,0,84.27
2023-07-10,41,18,West,Tablet,1,92.47
2023-07-11,51,17,East,Mobile,1,83.75
2023-07-11,45,32,North,Desktop,1,109.95
2023-07-11,60,46,West,Mobile,1,106.27
2023-07-11,58,24,South,Mobile,1,111.65
2023-07-11,56,21,South,Mobile,1,98.16
2023-07-11,39,24,South,Mobile,0,59.6
2023-07-11,66,29,North,Mobile,1,119.59
2023-07-11,34,15,South,Mobile,1,85.95
2023-07-11,51,32,North,Desktop,1,116.1
2023-07-12,23,1,South,Mobile,0,79.73
2023-07-12,63,44,South,Mobile,1,106.07
2023-07-12,23,12,East,Mobile,1,75.39
2023-07-13,51,21,West,Mobile,0,78.99
2023-07-13,18,8,North,Mobile,0,60.84
2023-07-13,27,13,South,Mobile,0,72.39
2023-07-13,38,1,South,Mobile,0,77.8
2023-07-13,22,25,North,Desktop,0,106.68
2023-07-14,19,9,East,Desktop,0,84.46
2023-07-14,39,23,East,Mobile,1,93.75
2023-07-14,65,42,North,Mobile,0,109.32
2023-07-14,19,1,South,Desktop,0,72.15
2023-07-14,27,18,North,Mobile,0,77.39
2023-07-14,51,22,East,Mobile,1,93.96
2023-07-14,33,24,North,Mobile,1,99.18
2023-07-15,65,11,West,Mobile,1,94.74
2023-07-15,68,33,East,Mobile,1,116.08
2023-07-15,56,21,South,Mobile,1,101.35
2023-07-15,39,23,South,Mobile,0,88.06
2023-07-16,29,19,West,Mobile,0,60.05
2023-07-16,41,13,South,Desktop,0,86.94
2023-07-16,64,24,North,Mobile,1,121.4
2023-07-17,57,27,South,Mobile,1,105.31
2023-07-17,55,18,West,Mobile,1,93.26
2023-07-17,27,21,East,Desktop,1,115.69
2023-07-17,52,22,East,Desktop,1,95.27
2023-07-17,68,4,West,Desktop,1,105.2
2023-07-17,66,29,West,Mobile,1,122.81
2023-07-17,49,14,West,Desktop,1,108.18
2023-07-17,24,1,North,Desktop,0,78.11
2023-07-18,38,6,South,Mobile,0,61.55
2023-07-18,37,19,East,Mobile,0,82.18
2023-07-18,43,34,East,Mobile,1,103.95
2023-07-18,21,13,East,Desktop,1,85.96
2023-07-19,63,25,North,Mobile,1,109.49
2023-07-19,69,39,East,Mobile,1,107.2
2023-07-20,39,14,East,Tablet,1,93.96
2023-07-20,32,9,North,Desktop,0,73.03
2023-07-20,57,16,South,Tablet,1,112.42
2023-07-20,38,1,North,Tablet,0,98.51
2023-07-20,32,12,South,Mobile,0,65.2
2023-07-20,39,21,North,Desktop,1,105.14
2023-07-21,69,33,South,Mobile,1,107.8
2023-07-21,45,18,South,Desktop,1,97.08
2023-07-21,31,6,East,Mobile,0,65.61
2023-07-21,44,28,East,Tablet,1,96.29
2023-07-21,58,15,West,Desktop,1,119.58
2023-07-21,57,36,North,Desktop,1,135.35
2023-07-21,45,12,North,Mobile,0,97.41
2023-07-21,43,13,West,Mobile,0,76.58
2023-07-22,66,18,North,Desktop,1,99.08
2023-07-22,19,4,West,Mobile,1,75.0
2023-07-22,42,30,West,Desktop,0,100.49
2023-07-23,20,15,South,Mobile,0,68.32
2023-07-23,25,22,West,Desktop,0,90.98
2023-07-23,61,35,North,Mobile,1,126.69
2023-07-23,50,13,South,Desktop,1,114.77
2023-07-24,59,26,East,Desktop,1,128.57
2023-07-24,69,26,South,Mobile,1,113.15
2023-07-24,52,39,West,Mobile,1,106.91
2023-07-25,23,1,North,Mobile,1,78.85
2023-07-25,56,36,South,Mobile,1,109.57
2023-07-25,69,43,South,Mobile,1,114.13
2023-07-25,40,38,East,Desktop,1,111.8
2023-07-26,42,16,South,Mobile,0,96.23
2023-07-26,67,40,South,Mobile,1,110.32
2023-07-26,60,52,West,Mobile,1,111.4
2023-07-26,36,11,North,Mobile,0,78.67
2023-07-27,22,1,West,Mobile,0,59.48
2023-07-27,68,15,South,Tablet,1,110.81
2023-07-27,28,21,East,Desktop,1,81.68
2023-07-27,29,1,East,Mobile,1,92.11
2023-07-27,27,9,North,Mobile,0,73.28
2023-07-28,25,16,South,Desktop,0,75.86
2023-07-28,41,22,West,Mobile,1,98.76
2023-07-28,45,26,South,Mobile,1,96.86
2023-07-29,58,31,West,Mobile,1,109.03
2023-07-29,53,39,South,Mobile,1,105.62
2023-07-29,54,17,North,Tablet,1,95.89
2023-07-29,38,12,South,Desktop,1,103.83
2023-07-30,25,4,West,Mobile,0,72.87
2023-07-30,26,21,South,Mobile,0,69.51
2023-07-31,64,41,West,Desktop,1,118.92
2023-07-31,32,20,West,Desktop,1,102.54
2023-07-31,65,44,South,Desktop,1,128.38
2023-08-01,63,19,North,Desktop,1,126.02
2023-08-01,57,45,East,Mobile,1,91.66
2023-08-01,35,32,South,Desktop,1,93.08
2023-08-01,59,36,East,Desktop,1,115.95
2023-08-02,37,36,South,Mobile,1,117.67
2023-08-02,23,1,South,Desktop,0,100.86
2023-08-02,29,9,East,Mobile,1,106.91
2023-08-02,19,2,South,Mobile,0,73.06
2023-08-02,24,19,South,Mobile,0,53.2
2023-08-02,33,5,South,Mobile,1,66.96
2023-08-03,20,17,South,Mobile,0,55.01
2023-08-03,62,44,South,Mobile,0,88.69
2023-08-03,20,16,West,Mobile,0,75.2
2023-08-03,44,24,South,Mobile,0,96.85
2023-08-03,67,23,South,Mobile,1,97.61
2023-08-03,60,21,East,Mobile,0,78.29
2023-08-03,57,40,South,Desktop,1,91.92
2023-08-03,55,35,South,Mobile,1,102.88
2023-08-03,50,24,West,Mobile,1,104.32
2023-08-03,45,18,East,Desktop,1,116.94
2023-08-03,18,1,South,Desktop,0,65.84
2023-08-04,25,1,East,Desktop,0,80.04
2023-08-04,54,46,North,Mobile,1,120.79
2023-08-04,49,11,East,Mobile,1,86.08
2023-08-04,65,34,South,Desktop,1,111.64
2023-08-04,60,40,South,Mobile,0,93.87
2023-08-04,54,14,South,Mobile,1,92.5
2023-08-05,21,12,North,Mobile,0,84.67
2023-08-05,47,32,North,Desktop,1,120.14
2023-08-05,23,11,West,Mobile,0,64.22
2023-08-05,63,60,South,Tablet,1,121.12
2023-08-05,36,1,South,Desktop,1,100.76
2023-08-05,49,35,North,Mobile,0,70.68
2023-08-05,26,11,North,Desktop,1,92.39
2023-08-05,29,22,East,Desktop,0,83.66
2023-08-06,28,18,South,Desktop,0,86.22
2023-08-06,63,24,South,Mobile,1,108.28
2023-08-06,33,18,North,Desktop,0,101.94
2023-08-06,18,1,East,Mobile,0,51.91
2023-08-06,62,37,North,Tablet,1,131.16
2023-08-06,38,21,North,Mobile,0,67.14
2023-08-06,47,29,South,Mobile,1,90.96
2023-08-07,30,25,South,Desktop,1,93.59
2023-08-07,51,29,North,Desktop,1,105.2
2023-08-08,21,11,East,Mobile,0,61.24
2023-08-08,45,13,East,Mobile,1,87.74
2023-08-08,55,20,West,Mobile,1,102.43
2023-08-08,48,35,South,Tablet,0,77.28
2023-08-08,44,36,North,Desktop,1,113.88
2023-08-08,22,8,South,Desktop,0,74.27
2023-08-08,42,21,West,Mobile,0,66.89
2023-08-08,20,1,South,Mobile,0,68.12
2023-08-09,50,36,East,Desktop,1,113.05
2023-08-09,21,17,North,Desktop,0,95.62
2023-08-10,42,40,South,Mobile,0,78.66
2023-08-10,37,9,North,Desktop,1,109.89
2023-08-10,51,21,South,Mobile,0,64.98
2023-08-10,43,23,West,Mobile,1,110.3
2023-08-10,22,17,West,Mobile,0,76.51
2023-08-10,52,23,South,Mobile,0,65.25
2023-08-10,45,13,South,Mobile,1,92.24
2023-08-11,46,31,West,Mobile,1,103.65
2023-08-11,26,20,East,Mobile,0,73.71
2023-08-11,69,25,North,Desktop,1,123.59
2023-08-11,55,41,South,Mobile,0,78.25
2023-08-11,67,45,North,Mobile,0,94.89
2023-08-11,23,12,South,Mobile,1,84.8
2023-08-11,36,18,South,Mobile,0,88.65
2023-08-11,61,36,South,Desktop,1,110.89
2023-08-11,28,5,South,Mobile,1,98.06
2023-08-12,19,9,North,Desktop,0,73.31
2023-08-12,64,10,South,Desktop,1,103.68
2023-08-12,61,39,West,Mobile,1,114.45
2023-08-12,61,14,East,Mobile,1,109.46
2023-08-12,26,28,South,Mobile,1,101.05
2023-08-12,38,15,West,Mobile,0,60.61
2023-08-12,41,18,West,Desktop,1,103.67
2023-08-12,51,19,North,Mobile,0,97.62
2023-08-12,39,16,North,Mobile,0,80.51
2023-08-13,20,24,East,Mobile,0,62.16
2023-08-13,29,1,West,Mobile,0,70.65
2023-08-13,45,35,West,Mobile,0,80.54
2023-08-13,47,26,West,Mobile,0,102.71
2023-08-13,43,9,East,Mobile,0,90.77
2023-08-13,65,21,South,Mobile,1,115.38
2023-08-13,38,35,North,Desktop,1,127.34
2023-08-14,45,13,North,Desktop,0,101.54
2023-08-14,43,9,South,Mobile,0,90.79
2023-08-14,50,36,East,Mobile,1,119.43
2023-08-14,38,22,South,Tablet,0,75.22
2023-08-14,52,16,East,Mobile,0,93.89
2023-08-14,69,36,South,Mobile,1,87.64
2023-08-14,51,15,South,Mobile,0,87.41
2023-08-14,58,40,North,Desktop,1,132.39
2023-08-14,68,44,South,Mobile,1,116.39
2023-08-15,64,37,East,Tablet,1,113.82
2023-08-15,35,21,East,Desktop,1,95.89
2023-08-15,28,31,West,Desktop,0,71.96
2023-08-15,40,19,South,Desktop,0,80.28
2023-08-15,65,20,South,Mobile,1,102.15
2023-08-15,39,23,South,Mobile,1,79.29
2023-08-15,34,37,South,Desktop,0,104.26
2023-08-15,22,1,West,Tablet,0,80.7
2023-08-15,61,26,East,Mobile,1,108.57
2023-08-15,28,18,West,Tablet,0,69.93
2023-08-15,47,22,North,Mobile,1,99.82
2023-08-16,32,6,West,Mobile,0,77.49
2023-08-16,44,33,North,Mobile,0,88.67
2023-08-16,52,49,West,Mobile,1,108.26
2023-08-16,50,26,South,Mobile,1,107.98
2023-08-16,37,9,South,Mobile,1,94.04
2023-08-17,33,1,South,Mobile,0,81.36
2023-08-17,51,28,West,Mobile,1,103.12
2023-08-17,19,20,North,Mobile,0,61.16
2023-08-17,52,30,South,Tablet,0,98.92
2023-08-17,57,28,West,Mobile,1,102.8
2023-08-17,45,16,South,Mobile,1,81.44
2023-08-17,64,21,North,Mobile,0,84.31
2023-08-17,56,36,South,Mobile,1,110.73
2023-08-17,23,20,South,Desktop,0,71.42
2023-08-18,26,1,West,Mobile,0,59.35
2023-08-18,37,34,East,Desktop,1,110.02
2023-08-19,18,14,South,Mobile,0,53.82
2023-08-19,25,26,West,Mobile,0,71.21
2023-08-19,40,6,South,Mobile,0,71.95
2023-08-19,20,1,North,Mobile,0,76.04
2023-08-19,21,9,South,Mobile,0,86.21
2023-08-19,42,26,South,Mobile,0,70.92
2023-08-19,64,49,North,Mobile,1,117.08
2023-08-19,55,34,West,Mobile,1,103.27
2023-08-20,32,13,East,Tablet,1,91.25
2023-08-21,38,8,South,Mobile,0,80.24
2023-08-21,52,38,South,Mobile,0,92.49
2023-08-21,63,21,East,Mobile,1,104.81
2023-08-21,69,50,West,Mobile,1,107.38
2023-08-21,31,12,West,Mobile,0,84.25
2023-08-21,53,42,South,Desktop,1,111.98
2023-08-21,29,21,East,Tablet,1,92.65
2023-08-21,34,15,South,Mobile,0,74.17
2023-08-21,56,22,South,Mobile,1,95.78
2023-08-21,26,9,North,Mobile,0,66.22
2023-08-21,52,30,North,Desktop,1,128.97
2023-08-22,30,15,South,Mobile,0,66.23
2023-08-22,32,10,South,Mobile,1,112.78
2023-08-23,35,15,North,Mobile,1,82.9
2023-08-23,68,34,East,Desktop,1,119.5
2023-08-23,50,3,North,Mobile,0,100.98
2023-08-23,23,16,South,Mobile,0,71.67
2023-08-24,44,12,South,Desktop,0,98.95
2023-08-24,40,8,West,Mobile,0,70.87
2023-08-24,44,5,South,Desktop,1,91.78
2023-08-24,51,7,North,Mobile,1,115.78
2023-08-24,63,17,South,Desktop,0,104.86
2023-08-24,55,20,West,Desktop,1,110.05
2023-08-24,31,35,West,Mobile,1,74.56
2023-08-24,53,21,South,Desktop,1,86.08
2023-08-25,25,14,South,Mobile,1,73.93
2023-08-25,52,30,West,Tablet,0,89.17
2023-08-25,36,19,North,Mobile,0,98.93
2023-08-25,47,22,East,Desktop,1,121.36
2023-08-25,31,3,South,Mobile,0,71.14
2023-08-25,37,33,North,Tablet,0,84.64
2023-08-25,66,51,South,Mobile,1,108.18
2023-08-25,42,4,South,Tablet,1,97.68
2023-08-26,57,18,East,Tablet,1,99.51
2023-08-26,41,17,West,Mobile,0,57.12
2023-08-26,31,5,South,Desktop,1,95.33
2023-08-26,43,26,West,Tablet,1,90.44
2023-08-27,55,20,North,Mobile,1,95.2
2023-08-27,40,41,South,Mobile,0,88.13
2023-08-27,39,31,North,Mobile,0,94.71
2023-08-27,65,34,West,Mobile,1,109.09
2023-08-27,36,28,East,Mobile,0,90.1
2023-08-27,63,42,East,Mobile,1,105.39
2023-08-27,68,28,West,Mobile,1,132.06
2023-08-27,20,1,East,Mobile,0,56.21
2023-08-28,59,30,West,Mobile,1,108.9
2023-08-28,36,26,East,Desktop,0,83.74
2023-08-28,26,14,West,Desktop,0,85.63
2023-08-28,45,6,South,Mobile,1,98.99
2023-08-29,37,10,North,Desktop,1,112.25
2023-08-29,62,30,South,Desktop,1,105.67
2023-08-29,24,11,North,Tablet,0,58.86
2023-08-30,31,35,South,Mobile,0,107.26
2023-08-30,26,1,South,Mobile,0,62.96
2023-08-30,36,23,East,Tablet,1,101.02
2023-08-30,64,46,North,Tablet,1,98.59
2023-08-30,69,57,North,Desktop,1,132.6
2023-08-30,31,11,South,Desktop,1,93.39
2023-08-31,55,32,West,Mobile,1,107.95
2023-08-31,53,32,South,Mobile,0,64.61
2023-08-31,57,30,South,Mobile,1,112.03
2023-08-31,34,16,East,Mobile,0,61.08
2023-08-31,47,27,East,Desktop,1,121.94
2023-08-31,26,1,South,Mobile,0,59.4
2023-08-31,50,31,South,Mobile,1,87.43
2023-09-01,69,35,North,Tablet,1,115.61
2023-09-01,42,18,West,Mobile,0,67.16
2023-09-01,31,35,North,Tablet,0,79.91
2023-09-02,28,7,South,Tablet,0,58.25
2023-09-03,52,21,North,Mobile,1,87.24
2023-09-03,58,48,North,Mobile,1,119.22
2023-09-03,31,7,East,Mobile,0,63.89
2023-09-03,47,17,North,Mobile,1,94.33
2023-09-03,58,27,North,Mobile,1,111.39
2023-09-04,21,18,South,Mobile,0,64.79
2023-09-04,21,12,North,Tablet,0,72.66
2023-09-04,45,9,North,Mobile,0,84.8
2023-09-04,25,7,West,Desktop,0,93.58
2023-09-04,19,3,East,Mobile,0,58.77
2023-09-04,58,28,West,Mobile,1,107.17
2023-09-04,63,35,West,Tablet,1,89.62
2023-09-04,39,23,East,Mobile,0,69.71
2023-09-06,58,11,North,Mobile,1,95.5
2023-09-06,33,27,East,Desktop,1,92.04
2023-09-06,46,25,West,Desktop,1,109.32
2023-09-06,66,46,East,Desktop,1,102.5
2023-09-06,65,36,South,Mobile,1,113.97
2023-09-06,47,34,North,Mobile,1,111.11
2023-09-07,29,19,West,Tablet,0,62.86
2023-09-07,52,39,East,Tablet,1,101.11
2023-09-07,28,19,West,Mobile,0,74.53
2023-09-07,63,30,North,Desktop,1,135.47
2023-09-07,67,56,North,Mobile,1,102.69
2023-09-07,38,27,North,Mobile,1,101.24
2023-09-08,38,24,East,Mobile,1,97.81
2023-09-08,22,1,North,Mobile,0,70.46
2023-09-08,65,19,North,Mobile,1,94.32
2023-09-08,37,21,West,Mobile,1,101.02
2023-09-08,54,28,North,Mobile,1,119.34
2023-09-08,20,3,West,Desktop,0,76.34
2023-09-08,61,31,South,Desktop,1,106.01
2023-09-09,50,40,West,Desktop,1,108.27
2023-09-09,26,19,South,Tablet,0,102.12
2023-09-09,26,1,West,Mobile,0,79.15
2023-09-09,21,9,West,Mobile,1,78.52
2023-09-09,52,17,North,Desktop,1,115.25
2023-09-09,34,13,North,Mobile,0,63.33
2023-09-09,51,21,South,Mobile,1,96.05
2023-09-10,41,15,East,Mobile,1,82.78
2023-09-10,49,11,West,Desktop,1,107.84
2023-09-10,18,7,South,Mobile,0,72.89
2023-09-10,25,6,East,Desktop,0,91.8
2023-09-10,62,1,North,Mobile,1,92.01
2023-09-10,40,40,West,Desktop,1,111.75
2023-09-11,64,42,West,Desktop,1,127.24
2023-09-11,57,24,South,Desktop,1,112.52
2023-09-11,29,14,South,Mobile,1,83.58
2023-09-11,29,2,North,Mobile,0,113.65
2023-09-11,63,48,South,Desktop,0,95.38
2023-09-12,64,50,South,Mobile,1,99.04
2023-09-12,32,17,North,Mobile,0,74.6
2023-09-12,58,39,South,Mobile,1,123.43
2023-09-12,36,19,South,Tablet,0,70.7
2023-09-13,43,8,South,Mobile,1,95.81
2023-09-13,69,30,South,Desktop,1,132.58
2023-09-13,46,24,North,Mobile,1,106.62
2023-09-14,39,14,East,Mobile,1,92.49
2023-09-14,57,26,East,Desktop,1,121.89
2023-09-14,38,18,South,Mobile,0,77.03
2023-09-14,68,33,North,Mobile,1,126.77
2023-09-14,55,28,East,Desktop,1,121.77
2023-09-14,37,7,West,Desktop,0,88.06
2023-09-14,46,15,North,Mobile,1,105.57
2023-09-14,68,21,South,Desktop,1,128.74
2023-09-15,21,20,North,Desktop,0,82.84
2023-09-15,24,1,South,Desktop,0,80.16
2023-09-15,45,34,North,Mobile,1,111.7
2023-09-16,45,36,South,Mobile,0,100.46
2023-09-16,21,7,East,Tablet,0,86.23
2023-09-16,39,1,South,Desktop,1,87.56
2023-09-16,29,10,South,Mobile,1,93.09
2023-09-16,62,30,South,Mobile,1,94.68
2023-09-16,20,1,South,Mobile,0,55.16
2023-09-16,39,14,North,Mobile,1,101.29
2023-09-17,61,45,North,Mobile,1,110.39
2023-09-17,19,16,West,Mobile,0,72.73
2023-09-17,41,11,North,Desktop,0,79.67
2023-09-18,51,9,East,Mobile,0,70.48
2023-09-18,44,18,West,Desktop,0,97.71
2023-09-18,58,26,South,Mobile,0,61.43
2023-09-18,18,13,South,Mobile,0,78.73
2023-09-18,25,7,South,Mobile,1,89.75
2023-09-18,40,25,West,Mobile,0,95.95
2023-09-18,55,46,West,Desktop,0,98.85
2023-09-19,23,19,East,Desktop,0,64.4
2023-09-19,39,19,North,Mobile,1,104.83
2023-09-19,42,19,East,Mobile,1,104.51
2023-09-19,35,13,South,Mobile,0,91.02
2023-09-19,34,28,South,Desktop,0,74.18
2023-09-19,29,8,North,Desktop,1,101.51
2023-09-19,23,11,North,Mobile,0,73.21
2023-09-20,43,22,East,Desktop,1,94.09
2023-09-20,44,16,South,Desktop,0,101.3
2023-09-21,25,1,South,Mobile,0,58.44
2023-09-21,36,21,South,Mobile,0,63.96
2023-09-21,59,28,West,Tablet,1,93.7
2023-09-21,18,14,East,Desktop,1,76.12
2023-09-21,46,17,South,Mobile,0,80.11
2023-09-21,62,43,North,Mobile,1,137.72
2023-09-21,66,24,South,Mobile,1,102.14
2023-09-21,52,43,West,Mobile,1,94.57
2023-09-21,57,11,South,Desktop,1,117.14
2023-09-21,31,19,South,Mobile,0,85.72
2023-09-21,52,30,South,Desktop,1,106.05
2023-09-22,65,24,South,Desktop,1,115.76
2023-09-22,62,35,West,Mobile,0,102.76
2023-09-22,37,31,South,Mobile,0,103.73
2023-09-23,66,10,North,Mobile,1,119.53
2023-09-23,30,20,North,Desktop,1,91.93
2023-09-23,55,2,South,Mobile,0,85.9
2023-09-23,66,23,West,Desktop,1,127.86
2023-09-24,63,47,South,Desktop,1,119.63
2023-09-24,66,27,West,Mobile,1,107.45
2023-09-24,25,1,East,Tablet,0,71.16
2023-09-24,60,28,North,Tablet,1,127.72
2023-09-24,37,39,North,Mobile,0,82.9
2023-09-24,50,6,North,Mobile,1,93.27
2023-09-24,43,10,East,Tablet,1,76.44
2023-09-25,56,42,North,Tablet,0,107.34
2023-09-25,38,37,South,Mobile,1,99.66
2023-09-25,66,31,South,Mobile,1,98.48
2023-09-25,59,17,East,Mobile,1,106.14
2023-09-25,60,50,North,Tablet,1,105.67
2023-09-25,58,44,South,Mobile,1,116.3
2023-09-25,26,19,South,Mobile,0,83.27
2023-09-25,41,12,South,Desktop,0,83.58
2023-09-26,54,26,West,Mobile,0,87.3
2023-09-26,66,31,North,Desktop,1,128.94
2023-09-26,58,32,West,Mobile,1,98.11
2023-09-26,34,31,East,Desktop,1,105.1
2023-09-27,41,29,South,Mobile,1,90.39
2023-09-27,38,8,East,Desktop,1,101.79
2023-09-27,68,47,South,Desktop,1,109.62
2023-09-27,56,31,North,Mobile,1,106.15
2023-09-27,58,35,East,Mobile,1,124.88
2023-09-28,56,42,South,Mobile,1,109.86
2023-09-28,30,3,East,Mobile,0,63.96
2023-09-28,28,13,South,Desktop,1,107.44
2023-09-28,63,26,West,Desktop,1,116.81
2023-09-28,36,2,South,Mobile,1,93.66
2023-09-28,28,17,North,Desktop,1,105.14
2023-09-29,30,40,South,Desktop,0,93.87
2023-09-29,63,13,East,Desktop,1,127.84
2023-09-29,62,30,East,Mobile,1,104.02
2023-09-30,18,15,South,Mobile,0,80.7
2023-09-30,57,29,West,Mobile,0,95.48
2023-09-30,61,29,South,Mobile,1,106.82
2023-09-30,36,5,South,Mobile,0,80.17
2023-09-30,29,16,West,Mobile,1,87.99
2023-09-30,25,4,West,Mobile,1,76.3
2023-09-30,25,1,East,Desktop,1,85.17
2023-10-01,62,42,West,Mobile,1,98.83
2023-10-01,29,24,North,Mobile,1,82.01
2023-10-01,65,33,West,Mobile,1,88.66
2023-10-01,50,27,South,Mobile,0,82.23
2023-10-01,62,41,North,Mobile,1,120.47
2023-10-02,43,23,North,Mobile,1,107.02
2023-10-02,56,37,South,Mobile,0,94.04
2023-10-02,45,19,South,Mobile,1,71.02
2023-10-02,22,24,South,Mobile,0,83.36
2023-10-03,25,15,North,Mobile,0,82.47
2023-10-04,42,22,South,Desktop,1,113.08
2023-10-04,44,9,South,Mobile,1,114.01
2023-10-04,63,34,South,Mobile,1,98.14
2023-10-04,40,11,South,Mobile,1,117.55
2023-10-04,47,17,East,Mobile,1,89.27
2023-10-04,62,22,West,Mobile,1,103.59
2023-10-04,64,21,East,Mobile,1,90.06
2023-10-05,40,41,South,Desktop,1,111.76
2023-10-05,66,46,East,Mobile,1,121.27
2023-10-05,64,51,North,Mobile,1,118.41
2023-10-06,37,6,North,Desktop,1,121.32
2023-10-06,35,18,South,Tablet,1,100.27
2023-10-07,35,4,West,Mobile,0,70.28
2023-10-07,19,2,North,Mobile,0,60.04
2023-10-07,21,1,North,Mobile,0,72.26
2023-10-07,47,35,North,Mobile,1,97.03
2023-10-07,50,21,West,Mobile,0,97.12
2023-10-07,53,37,East,Mobile,0,110.26
2023-10-07,35,23,South,Desktop,1,87.5
2023-10-08,54,50,South,Mobile,1,124.17
2023-10-08,36,3,South,Mobile,0,92.98
2023-10-08,64,44,East,Mobile,1,116.43
2023-10-08,45,33,North,Desktop,0,109.21
2023-10-09,57,18,West,Mobile,1,102.57
2023-10-09,37,28,South,Desktop,0,84.28
2023-10-09,66,36,East,Mobile,1,116.77
2023-10-09,50,22,North,Mobile,1,92.63
2023-10-09,29,6,South,Mobile,0,66.1
2023-10-09,68,26,South,Mobile,1,102.03
2023-10-09,32,36,South,Mobile,1,96.53
2023-10-10,58,29,North,Mobile,1,120.1
2023-10-10,56,35,East,Mobile,1,92.83
2023-10-10,19,1,North,Desktop,0,75.09
2023-10-10,46,15,East,Mobile,0,102.49
2023-10-10,58,39,West,Mobile,1,108.65
2023-10-10,27,1,South,Mobile,1,73.92
2023-10-11,19,5,East,Desktop,0,68.26
2023-10-11,68,34,East,Tablet,0,86.06
2023-10-11,28,15,South,Mobile,0,91.1
2023-10-11,30,13,West,Mobile,0,69.77
2023-10-11,27,17,South,Mobile,0,62.99
2023-10-11,31,22,South,Tablet,0,68.48
2023-10-12,35,24,East,Desktop,0,65.64
2023-10-12,68,24,South,Mobile,1,98.65
2023-10-12,26,10,South,Mobile,1,79.16
2023-10-12,56,39,South,Mobile,1,107.37
2023-10-12,45,31,West,Mobile,1,96.22
2023-10-12,20,1,West,Desktop,0,85.12
2023-10-12,37,22,South,Mobile,0,91.66
2023-10-12,23,1,East,Mobile,0,71.23
2023-10-12,44,22,West,Desktop,1,97.47
2023-10-13,19,28,North,Desktop,0,83.27
2023-10-13,46,13,North,Mobile,1,83.7
2023-10-13,55,19,East,Desktop,0,83.12
2023-10-13,20,17,West,Mobile,0,58.81
2023-10-13,33,1,West,Desktop,1,108.27
2023-10-13,47,17,South,Desktop,1,135.46
2023-10-13,57,34,North,Mobile,1,112.82
2023-10-14,19,3,South,Desktop,0,55.42
2023-10-14,34,14,North,Desktop,0,83.41
2023-10-14,58,36,South,Mobile,1,108.17
2023-10-15,29,18,East,Mobile,0,81.67
2023-10-15,52,28,North,Desktop,1,114.13
2023-10-15,60,26,West,Mobile,1,110.26
2023-10-15,18,12,South,Mobile,0,51.51
2023-10-15,62,29,South,Desktop,1,111.1
2023-10-15,32,20,North,Desktop,0,88.02
2023-10-15,43,16,South,Mobile,1,83.28
2023-10-15,54,25,North,Mobile,1,115.3
2023-10-15,38,9,West,Mobile,0,65.81
2023-10-15,66,32,West,Mobile,1,130.4
2023-10-16,48,15,South,Mobile,1,90.73
2023-10-16,42,9,North,Desktop,0,89.58
2023-10-16,40,22,West,Mobile,1,100.4
2023-10-16,41,22,South,Mobile,0,69.48
2023-10-16,55,35,North,Mobile,1,106.71
2023-10-16,45,18,South,Tablet,1,102.16
2023-10-16,38,23,West,Mobile,1,104.07
2023-10-16,60,35,North,Mobile,1,110.79
2023-10-16,35,21,North,Mobile,0,82.26
2023-10-16,53,18,West,Mobile,1,102.5
2023-10-16,52,27,North,Mobile,1,129.5
2023-10-17,62,34,North,Mobile,1,134.17
2023-10-17,26,13,South,Mobile,0,57.97
2023-10-18,55,6,West,Mobile,1,97.89
2023-10-18,47,25,South,Mobile,1,93.17
2023-10-18,61,52,West,Mobile,1,109.17
2023-10-18,51,21,East,Mobile,0,70.76
2023-10-19,49,17,North,Mobile,0,76.75
2023-10-19,20,13,West,Mobile,0,82.98
2023-10-19,20,13,South,Mobile,0,72.9
2023-10-19,45,34,South,Desktop,1,90.53
2023-10-20,61,17,South,Mobile,1,127.08
2023-10-20,32,23,South,Mobile,0,93.17
2023-10-20,58,34,North,Mobile,1,103.33
2023-10-20,40,18,North,Tablet,0,87.29
2023-10-20,57,31,South,Desktop,1,105.31
2023-10-20,28,24,West,Mobile,0,78.02
2023-10-20,65,41,South,Mobile,1,124.86
2023-10-20,49,13,West,Mobile,1,87.75
2023-10-20,53,34,South,Mobile,1,82.1
2023-10-20,50,24,South,Mobile,1,102.95
2023-10-21,41,21,North,Desktop,1,112.36
2023-10-21,56,28,North,Mobile,1,119.58
2023-10-21,51,23,South,Desktop,1,113.66
2023-10-21,45,34,East,Mobile,0,68.72
2023-10-21,54,26,West,Desktop,1,123.17
2023-10-21,24,1,West,Desktop,0,82.71
2023-10-22,21,6,North,Mobile,0,60.04
2023-10-22,54,28,West,Mobile,1,109.97
2023-10-22,18,21,South,Mobile,0,60.8
2023-10-22,18,15,North,Mobile,0,79.98
2023-10-22,64,23,West,Mobile,1,104.78
2023-10-22,37,43,East,Mobile,0,72.6
2023-10-23,36,20,North,Mobile,0,79.74
2023-10-23,46,35,South,Tablet,1,107.6
2023-10-23,27,11,South,Mobile,0,67.98
2023-10-23,35,22,East,Tablet,0,86.93
2023-10-23,45,30,South,Mobile,0,86.54
2023-10-23,52,38,West,Desktop,1,128.57
2023-10-24,60,40,North,Mobile,1,112.24
2023-10-24,64,40,South,Mobile,0,100.79
2023-10-25,48,20,South,Desktop,1,104.27
2023-10-25,44,16,South,Mobile,0,74.23
2023-10-26,28,17,South,Desktop,1,101.59
2023-10-26,66,42,East,Mobile,1,100.25
2023-10-27,66,30,West,Mobile,1,111.03
2023-10-27,55,38,West,Mobile,1,101.12
2023-10-27,22,25,West,Desktop,0,76.41
2023-10-28,25,3,West,Mobile,0,77.97
2023-10-28,51,17,South,Desktop,1,95.03
2023-10-28,65,31,West,Desktop,1,121.22
2023-10-28,69,37,South,Mobile,1,129.87
2023-10-28,29,9,South,Mobile,1,81.41
2023-10-28,55,41,South,Desktop,1,116.86
2023-10-28,18,13,South,Mobile,0,65.23
2023-10-28,48,24,South,Mobile,1,99.35
2023-10-29,21,1,West,Mobile,0,52.08
2023-10-29,66,19,South,Mobile,1,102.24
2023-10-29,62,33,North,Mobile,1,129.92
2023-10-29,67,12,South,Mobile,1,102.67
2023-10-29,22,21,North,Desktop,0,83.49
2023-10-29,47,21,North,Mobile,0,79.05
2023-10-29,41,52,North,Mobile,1,101.88
2023-10-30,20,33,South,Tablet,1,73.57
2023-10-30,28,12,South,Desktop,1,97.0
2023-10-30,62,29,East,Desktop,1,128.58
2023-10-30,21,20,East,Mobile,0,73.28
2023-10-30,43,38,South,Desktop,1,92.62
2023-10-30,44,5,South,Mobile,0,76.2
2023-10-30,63,13,South,Mobile,1,101.29
2023-10-30,60,23,East,Mobile,1,108.18
2023-10-30,44,27,North,Mobile,0,86.51
2023-10-30,59,34,North,Desktop,1,133.2
2023-10-31,68,44,East,Mobile,1,122.01
2023-10-31,67,21,South,Desktop,1,105.69
2023-10-31,23,1,North,Desktop,0,74.28
2023-10-31,32,24,North,Mobile,1,94.85
2023-10-31,47,15,West,Mobile,0,106.28
2023-10-31,59,9,West,Mobile,1,88.04
2023-11-01,54,28,East,Mobile,1,119.13
2023-11-01,54,34,South,Mobile,1,83.45
2023-11-01,59,28,South,Tablet,1,106.12
2023-11-01,54,22,West,Mobile,0,74.71
2023-11-01,52,24,West,Mobile,1,91.53
2023-11-01,40,16,North,Desktop,0,91.81
2023-11-01,23,1,West,Mobile,0,58.17
2023-11-01,21,3,North,Desktop,0,71.46
2023-11-01,35,22,North,Mobile,1,110.59
2023-11-02,26,16,East,Mobile,1,106.07
2023-11-02,66,34,South,Mobile,1,123.13
2023-11-02,46,13,West,Mobile,1,108.23
2023-11-02,30,13,North,Mobile,0,73.29
2023-11-03,64,10,South,Desktop,1,110.62
2023-11-03,69,36,West,Mobile,1,102.94
2023-11-03,34,31,West,Tablet,0,83.59
2023-11-03,62,16,North,Mobile,0,89.34
2023-11-04,49,18,South,Mobile,1,87.06
2023-11-04,65,35,East,Mobile,1,119.0
2023-11-04,39,32,North,Tablet,1,122.58
2023-11-05,21,6,West,Mobile,0,61.74
2023-11-05,22,4,West,Mobile,0,76.68
2023-11-05,54,7,North,Desktop,1,110.27
2023-11-05,58,30,North,Mobile,0,77.02
2023-11-05,66,53,North,Desktop,1,140.01
2023-11-05,30,17,West,Mobile,0,73.78
2023-11-06,51,25,North,Desktop,0,100.54
2023-11-06,62,34,South,Tablet,1,106.84
2023-11-06,39,19,South,Desktop,0,104.69
2023-11-06,40,11,South,Mobile,1,82.29
2023-11-06,68,42,North,Mobile,1,114.34
2023-11-06,20,12,North,Tablet,0,65.82
2023-11-07,59,29,West,Mobile,1,106.77
2023-11-07,51,15,West,Mobile,1,82.17
2023-11-07,49,37,East,Desktop,1,97.88
2023-11-07,62,37,North,Mobile,1,106.87
2023-11-07,68,28,South,Mobile,1,104.28
2023-11-07,66,43,East,Mobile,1,101.32
2023-11-08,38,14,South,Mobile,0,81.4
2023-11-08,63,23,West,Mobile,1,117.65
2023-11-08,61,22,East,Desktop,1,110.47
2023-11-08,38,1,North,Mobile,1,112.17
2023-11-08,61,35,West,Desktop,1,125.75
2023-11-08,28,1,West,Desktop,0,83.19
2023-11-09,56,15,North,Desktop,1,111.85
2023-11-09,21,1,South,Mobile,0,65.23
2023-11-09,68,33,South,Desktop,0,119.09
2023-11-09,18,7,South,Mobile,0,61.46
2023-11-09,45,19,North,Mobile,0,65.26
2023-11-09,41,10,South,Desktop,1,99.79
2023-11-09,52,14,West,Mobile,1,90.25
2023-11-09,30,19,South,Tablet,0,60.28
2023-11-10,64,26,North,Mobile,1,112.79
2023-11-10,51,28,East,Desktop,1,108.38
2023-11-10,28,5,South,Mobile,0,60.07
2023-11-10,53,28,West,Tablet,0,87.97
2023-11-10,68,47,South,Mobile,1,122.77
2023-11-11,34,22,North,Mobile,0,72.55
2023-11-11,52,21,North,Mobile,1,128.46
2023-11-11,35,20,East,Mobile,0,65.34
2023-11-11,57,26,South,Mobile,0,109.43
2023-11-12,39,19,East,Mobile,0,74.2
2023-11-12,41,17,North,Mobile,1,97.73
2023-11-12,36,16,South,Mobile,0,52.53
2023-11-12,54,29,South,Mobile,1,99.41
2023-11-12,56,18,West,Desktop,1,110.02
2023-11-12,38,8,West,Desktop,0,88.01
2023-11-12,25,1,North,Desktop,0,71.71
2023-11-12,45,6,South,Desktop,1,100.9
2023-11-13,22,1,North,Mobile,0,86.27
2023-11-13,34,18,South,Mobile,0,76.01
2023-11-13,54,18,South,Mobile,0,101.01
2023-11-13,53,31,West,Desktop,1,104.65
2023-11-13,36,18,West,Tablet,1,88.6
2023-11-14,44,2,South,Mobile,1,106.0
2023-11-14,51,32,South,Mobile,1,82.15
2023-11-14,28,22,West,Mobile,0,53.6
2023-11-14,62,21,West,Mobile,1,119.69
2023-11-14,64,36,North,Mobile,1,104.1
2023-11-14,29,5,South,Mobile,0,46.71
2023-11-14,38,19,South,Tablet,0,92.82
2023-11-14,28,1,North,Mobile,0,55.97
2023-11-14,56,10,North,Tablet,1,103.22
2023-11-14,45,18,North,Desktop,0,95.17
2023-11-14,22,9,East,Desktop,0,48.36
2023-11-14,34,13,South,Desktop,1,93.67
2023-11-15,37,6,North,Desktop,1,105.39
2023-11-15,58,25,North,Desktop,1,121.4
2023-11-15,63,34,West,Desktop,1,128.17
2023-11-15,29,14,West,Mobile,1,81.84
2023-11-15,23,13,South,Tablet,0,82.02
2023-11-15,34,10,South,Desktop,0,79.65
2023-11-15,68,45,West,Desktop,1,100.94
2023-11-15,36,6,North,Desktop,1,93.84
2023-11-16,43,26,North,Mobile,0,75.11
2023-11-16,65,44,South,Mobile,1,119.22
2023-11-16,61,35,North,Mobile,1,89.88
2023-11-16,61,28,South,Mobile,1,108.88
2023-11-16,69,29,West,Desktop,1,117.6
2023-11-16,49,34,East,Mobile,1,94.67
2023-11-16,23,1,South,Mobile,0,73.08
2023-11-17,53,16,West,Mobile,1,94.88
2023-11-17,55,23,North,Mobile,1,112.05
2023-11-17,28,26,North,Desktop,0,87.49
2023-11-17,50,28,South,Desktop,1,108.66
2023-11-18,41,10,East,Mobile,0,94.99
2023-11-18,40,16,North,Mobile,0,66.61
2023-11-18,32,9,South,Mobile,1,103.36
2023-11-19,44,14,East,Mobile,1,99.61
2023-11-19,28,23,East,Mobile,0,60.44
2023-11-19,68,20,East,Tablet,1,121.93
2023-11-19,67,49,South,Mobile,1,89.47
2023-11-19,34,25,North,Mobile,0,78.12
2023-11-19,68,44,South,Mobile,1,102.31
2023-11-20,31,10,North,Desktop,1,98.33
2023-11-20,44,20,West,Desktop,1,98.66
2023-11-20,35,3,South,Desktop,0,81.87
2023-11-20,45,17,South,Mobile,0,86.83
2023-11-20,68,38,East,Desktop,1,116.56
2023-11-20,64,44,South,Mobile,1,108.45
2023-11-21,64,20,South,Mobile,1,97.6
2023-11-21,21,6,West,Mobile,0,57.55
2023-11-21,24,10,West,Mobile,0,95.06
2023-11-21,62,17,East,Desktop,1,109.05
2023-11-22,52,31,North,Tablet,1,93.09
2023-11-22,65,25,South,Mobile,1,95.58
2023-11-22,26,11,East,Desktop,0,67.83
2023-11-22,25,7,North,Desktop,0,99.26
2023-11-22,69,26,North,Tablet,1,119.27
2023-11-22,62,30,West,Mobile,1,102.95
2023-11-22,34,14,North,Mobile,1,93.63
2023-11-23,34,13,East,Mobile,0,65.99
2023-11-23,66,25,South,Desktop,1,121.32
2023-11-23,50,28,South,Mobile,1,95.67
2023-11-23,49,41,North,Mobile,1,130.9
2023-11-24,25,13,West,Mobile,1,95.8
2023-11-24,36,27,South,Mobile,1,94.42
2023-11-24,55,13,South,Desktop,1,115.2
2023-11-24,20,11,East,Desktop,0,89.81
2023-11-24,22,1,East,Desktop,0,83.0
2023-11-24,30,1,West,Desktop,1,101.0
2023-11-24,64,24,South,Mobile,1,124.95
2023-11-24,63,43,South,Mobile,1,102.83
2023-11-25,48,33,West,Mobile,1,90.21
2023-11-25,33,18,East,Mobile,0,61.51
2023-11-25,67,18,South,Mobile,1,113.22
2023-11-26,49,22,North,Desktop,1,97.19
2023-11-26,39,22,West,Mobile,0,84.98
2023-11-26,46,24,South,Desktop,1,110.68
2023-11-26,39,1,East,Mobile,1,90.79
2023-11-26,60,21,South,Mobile,1,99.03
2023-11-26,20,9,North,Mobile,0,70.86
2023-11-26,27,18,East,Mobile,1,106.67
2023-11-26,59,7,North,Mobile,1,112.09
2023-11-27,38,17,South,Mobile,1,93.38
2023-11-27,33,17,South,Mobile,1,92.09
2023-11-27,29,22,South,Mobile,0,79.29
2023-11-27,19,16,East,Mobile,1,94.82
2023-11-28,58,34,West,Desktop,1,115.98
2023-11-28,41,12,East,Desktop,1,117.72
2023-11-28,52,6,North,Mobile,1,84.51
2023-11-28,47,19,North,Desktop,1,105.67
2023-11-29,47,33,South,Desktop,1,114.44
2023-11-29,64,45,West,Desktop,1,121.99
2023-11-30,52,33,West,Mobile,1,115.9
2023-11-30,36,22,West,Mobile,0,77.7
2023-12-01,67,37,South,Desktop,1,120.19
2023-12-01,25,6,South,Mobile,0,81.09
2023-12-01,43,20,South,Tablet,1,86.68
2023-12-01,66,49,North,Desktop,1,138.21
2023-12-01,57,19,North,Mobile,1,118.24
2023-12-01,24,28,West,Mobile,0,94.4
2023-12-01,47,20,North,Mobile,1,103.04
2023-12-02,24,25,North,Mobile,1,87.95
2023-12-02,20,1,North,Mobile,0,50.09
2023-12-02,18,14,West,Mobile,0,70.03
2023-12-03,53,19,South,Mobile,1,96.08
2023-12-03,42,6,East,Mobile,0,74.45
2023-12-03,54,29,West,Tablet,1,95.16
2023-12-03,18,19,South,Mobile,0,65.93
2023-12-03,32,7,East,Tablet,0,70.33
2023-12-04,54,12,North,Tablet,1,99.89
2023-12-04,30,14,North,Mobile,0,70.79
2023-12-04,57,27,West,Desktop,1,123.41
2023-12-04,25,17,East,Mobile,0,74.06
2023-12-04,22,20,South,Desktop,0,73.67
2023-12-04,26,12,South,Mobile,1,95.72
2023-12-05,18,27,South,Mobile,0,95.02
2023-12-05,53,28,North,Mobile,0,93.17
2023-12-05,52,22,North,Mobile,1,92.8
2023-12-05,19,1,North,Mobile,0,61.35
2023-12-06,57,25,South,Mobile,1,108.1
2023-12-06,40,16,West,Mobile,1,88.72
2023-12-06,26,22,South,Mobile,1,91.07
2023-12-06,51,30,North,Mobile,1,91.76
2023-12-06,63,19,South,Mobile,1,97.6
2023-12-06,31,17,West,Mobile,1,111.52
2023-12-06,21,17,North,Mobile,0,94.96
2023-12-07,47,38,North,Desktop,0,95.49
2023-12-07,48,32,South,Mobile,1,109.49
2023-12-07,55,35,East,Desktop,0,90.8
2023-12-07,28,14,South,Mobile,0,83.84
2023-12-08,52,29,West,Desktop,1,113.98
2023-12-08,25,24,West,Mobile,1,92.28
2023-12-08,20,1,East,Mobile,0,46.38
2023-12-08,31,12,East,Mobile,0,77.84
2023-12-08,30,7,South,Mobile,0,68.15
2023-12-08,62,34,North,Mobile,1,122.0
2023-12-08,49,36,West,Mobile,1,109.23
2023-12-08,51,19,South,Tablet,0,87.47
2023-12-08,62,7,North,Mobile,1,93.28
2023-12-09,36,13,East,Mobile,0,82.83
2023-12-10,55,36,South,Desktop,1,114.76
2023-12-10,33,21,South,Mobile,0,65.42
2023-12-10,19,13,South,Desktop,0,67.04
2023-12-10,57,25,South,Mobile,1,80.8
2023-12-10,34,4,West,Desktop,1,94.48
2023-12-10,51,30,South,Mobile,1,115.76
2023-12-10,59,21,South,Desktop,1,117.95
2023-12-11,33,38,South,Desktop,1,104.0
2023-12-11,55,33,East,Mobile,1,113.16
2023-12-11,19,3,East,Mobile,0,59.17
2023-12-11,19,3,South,Mobile,0,66.83
2023-12-12,43,20,East,Tablet,0,82.14
2023-12-12,30,12,North,Mobile,0,77.31
2023-12-12,64,43,West,Mobile,1,90.36
2023-12-12,48,25,South,Mobile,0,83.43
2023-12-12,51,18,East,Mobile,1,70.42
2023-12-12,56,46,North,Mobile,1,108.9
2023-12-12,20,10,North,Tablet,0,89.98
2023-12-12,25,20,South,Mobile,0,65.98
2023-12-12,40,13,West,Desktop,1,95.47
2023-12-13,31,19,South,Mobile,0,83.66
2023-12-13,44,25,West,Mobile,0,90.92
2023-12-13,46,4,South,Mobile,0,78.07
2023-12-14,56,48,South,Mobile,0,96.03
2023-12-14,56,40,North,Tablet,1,105.77
2023-12-14,18,5,West,Desktop,0,95.9
2023-12-14,34,5,North,Mobile,1,113.82
2023-12-14,58,32,West,Mobile,1,103.68
2023-12-15,47,24,West,Mobile,0,59.84
2023-12-15,30,18,West,Tablet,1,82.1
2023-12-15,38,20,South,Desktop,1,111.66
2023-12-15,36,23,East,Desktop,0,78.35
2023-12-15,36,32,East,Mobile,1,103.28
2023-12-15,42,26,North,Mobile,1,109.63
2023-12-15,39,9,East,Mobile,0,73.93
2023-12-15,48,37,North,Mobile,1,103.61
2023-12-15,34,33,South,Mobile,0,63.0
2023-12-15,40,51,North,Mobile,1,119.79
2023-12-15,49,13,North,Mobile,1,100.47
2023-12-16,27,15,South,Desktop,0,91.91
2023-12-16,27,1,South,Desktop,1,119.21
2023-12-16,53,32,East,Mobile,1,87.97
2023-12-16,25,7,North,Mobile,0,59.0
2023-12-16,69,53,South,Mobile,1,113.45
2023-12-16,37,10,North,Desktop,1,90.77
2023-12-17,49,7,South,Desktop,1,105.79
2023-12-17,67,28,East,Desktop,1,119.35
2023-12-18,31,1,South,Desktop,0,105.33
2023-12-18,67,41,East,Mobile,1,109.01
2023-12-18,45,1,South,Mobile,0,68.97
2023-12-18,63,31,East,Mobile,1,86.85
2023-12-18,69,13,South,Mobile,1,102.55
2023-12-19,41,17,South,Desktop,1,104.35
2023-12-19,32,32,East,Mobile,1,102.23
2023-12-19,39,23,North,Mobile,0,81.99
2023-12-19,47,14,East,Mobile,0,81.02
2023-12-19,21,10,East,Tablet,0,51.19
2023-12-20,30,15,South,Mobile,0,50.34
2023-12-20,40,24,North,Desktop,0,85.75
2023-12-20,25,1,North,Mobile,1,63.21
2023-12-20,35,23,West,Mobile,1,98.32
2023-12-20,29,1,East,Mobile,0,57.23
2023-12-21,48,17,North,Desktop,1,117.22
2023-12-21,31,10,South,Mobile,0,60.63
2023-12-21,51,31,South,Desktop,1,78.45
2023-12-21,35,17,West,Mobile,1,102.13
2023-12-21,51,11,North,Mobile,0,74.55
2023-12-21,28,4,North,Tablet,0,82.05
2023-12-22,58,30,West,Mobile,0,80.15
2023-12-22,29,13,North,Mobile,0,79.07
2023-12-22,66,27,North,Desktop,1,132.36
2023-12-22,32,11,West,Mobile,1,85.9
2023-12-22,48,30,East,Desktop,1,104.67
2023-12-22,66,27,South,Mobile,1,126.72
2023-12-23,46,22,North,Mobile,1,101.6
2023-12-23,43,43,North,Mobile,0,98.15
2023-12-23,35,3,North,Desktop,1,89.7
2023-12-23,49,5,West,Mobile,1,77.28
2023-12-23,39,27,South,Desktop,0,86.16
2023-12-24,55,20,East,Tablet,1,97.59
2023-12-24,34,13,West,Mobile,0,96.55
2023-12-25,40,12,South,Mobile,0,49.01
2023-12-25,41,17,North,Mobile,1,88.75
2023-12-25,67,49,South,Mobile,1,98.79
2023-12-25,25,20,West,Mobile,1,84.47
2023-12-25,58,37,West,Desktop,0,102.06
2023-12-25,23,1,North,Tablet,0,66.36
2023-12-25,22,1,East,Tablet,0,73.21
2023-12-26,61,2,South,Desktop,1,100.52
2023-12-26,46,14,West,Desktop,1,120.94
2023-12-26,45,32,North,Mobile,1,115.04
2023-12-26,28,19,South,Desktop,0,76.67
2023-12-26,18,6,West,Desktop,0,91.59
2023-12-26,60,29,South,Mobile,1,122.28
2023-12-26,36,11,South,Tablet,1,102.63
2023-12-26,26,15,North,Mobile,1,60.89
2023-12-26,44,29,South,Desktop,1,124.54
2023-12-26,51,9,South,Desktop,1,114.03
2023-12-27,61,33,West,Tablet,1,127.74
2023-12-27,21,19,South,Mobile,0,88.16
2023-12-27,53,22,South,Desktop,1,129.91
2023-12-27,35,24,East,Mobile,0,89.59
2023-12-27,32,44,North,Mobile,0,101.9
2023-12-27,68,32,South,Desktop,1,139.57
2023-12-28,30,18,East,Mobile,0,77.36
2023-12-28,36,10,West,Desktop,1,78.85
2023-12-29,66,34,East,Mobile,1,113.07
2023-12-29,23,16,East,Mobile,0,59.68
2023-12-29,65,34,North,Desktop,0,109.61
2023-12-29,29,4,West,Mobile,1,78.54
2023-12-29,68,36,North,Mobile,1,93.07
2023-12-30,54,41,East,Tablet,1,99.79
2023-12-30,34,21,South,Mobile,1,95.87
2023-12-30,40,29,West,Desktop,1,119.76
2023-12-30,43,19,East,Mobile,0,94.2
2023-12-30,46,30,East,Mobile,1,110.56
2023-12-30,50,27,North,Mobile,1,94.42
2023-12-31,44,12,South,Mobile,0,57.1
2023-12-31,42,24,East,Mobile,0,81.12
2023-12-31,27,3,East,Mobile,0,68.76
2023-12-31,64,25,North,Mobile,1,115.77
2023-12-31,40,21,West,Mobile,0,88.16
2023-12-31,38,21,West,Mobile,0,80.9
2023-12-31,38,7,South,Mobile,1,111.45
2023-12-31,60,40,West,Mobile,1,105.34
2023-12-31,30,20,South,Tablet,1,65.15
2023-12-31,54,19,South,Desktop,1,102.8
